{"py/object": "Sto.StoDocument.StoDocument", "_title_page": {"py/object": "Sto.Title.TitlePage", "_paragraphs": [{"py/object": "Sto.Title.ForHelpTitlePageCenter", "_text": "\u0424\u0435\u0434\u0435\u0440\u0430\u043b\u044c\u043d\u043e\u0435 \u0433\u043e\u0441\u0443\u0434\u0430\u0440\u0441\u0442\u0432\u0435\u043d\u043d\u043e\u0435 \u0430\u0432\u0442\u043e\u043d\u043e\u043c\u043d\u043e\u0435", "_type": "TypeForHelpTitlePageCenter"}, {"py/object": "Sto.Title.ForHelpTitlePageCenter", "_text": "\u043e\u0431\u0440\u0430\u0437\u043e\u0432\u0430\u0442\u0435\u043b\u044c\u043d\u043e\u0435 \u0443\u0447\u0440\u0435\u0436\u0434\u0435\u043d\u0438\u0435", "_type": "TypeForHelpTitlePageCenter"}, {"py/object": "Sto.Title.ForHelpTitlePageCenter", "_text": "\u0432\u044b\u0441\u0448\u0435\u0433\u043e \u043e\u0431\u0440\u0430\u0437\u043e\u0432\u0430\u043d\u0438\u044f", "_type": "TypeForHelpTitlePageCenter"}, {"py/object": "Sto.Title.ForHelpTitlePageCenter", "_text": "\u00ab\u0421\u0418\u0411\u0418\u0420\u0421\u041a\u0418\u0419 \u0424\u0415\u0414\u0415\u0420\u0410\u041b\u042c\u041d\u042b\u0419 \u0423\u041d\u0418\u0412\u0415\u0420\u0421\u0418\u0422\u0415\u0422\u00bb", "_type": "TypeForHelpTitlePageCenter"}, {"py/object": "Sto.Title.ForHelpTitlePageCenter", "_text": "", "_type": "TypeForHelpTitlePageCenter"}, {"py/object": "Sto.Title.DepartmentAndSubject", "_text": "\u0418\u043d\u0441\u0442\u0438\u0442\u0443\u0442 \u041a\u043e\u0441\u043c\u0438\u0447\u0435\u0441\u043a\u0438\u0445 \u0438 \u0438\u043d\u0444\u043e\u0440\u043c\u0430\u0446\u0438\u043e\u043d\u043d\u044b\u0445 \u0442\u0435\u0445\u043d\u043e\u043b\u043e\u0433\u0438\u0439", "_type": "DepartmentAndSubject"}, {"py/object": "Sto.Title.Subscript", "_text": "\u0438\u043d\u0441\u0442\u0438\u0442\u0443\u0442", "_type": "Subscript"}, {"py/object": "Sto.Title.DepartmentAndSubject", "_text": "\u041a\u0430\u0444\u0435\u0434\u0440\u0430 \u00ab\u0418\u043d\u0444\u043e\u0440\u043c\u0430\u0442\u0438\u043a\u0430\u00bb", "_type": "DepartmentAndSubject"}, {"py/object": "Sto.Title.Subscript", "_text": "\u043a\u0430\u0444\u0435\u0434\u0440\u0430", "_type": "Subscript"}, {"py/object": "Sto.Title.ForHelpTitlePageCenter", "_text": "", "_type": "TypeForHelpTitlePageCenter"}, {"py/object": "Sto.Title.ForHelpTitlePageCenter", "_text": "", "_type": "TypeForHelpTitlePageCenter"}, {"py/object": "Sto.Title.ForHelpTitlePageCenter", "_text": "", "_type": "TypeForHelpTitlePageCenter"}, {"py/object": "Sto.Title.ForHelpTitlePageCenter", "_text": "", "_type": "TypeForHelpTitlePageCenter"}, {"py/object": "Sto.Title.ForHelpTitlePageCenter", "_text": "", "_type": "TypeForHelpTitlePageCenter"}, {"py/object": "Sto.Title.ForHelpTitlePageCenter", "_text": "", "_type": "TypeForHelpTitlePageCenter"}, {"py/object": "Sto.Title.ForHelpTitlePageCenter", "_text": "", "_type": "TypeForHelpTitlePageCenter"}, {"py/object": "Sto.Title.ForHelpTitlePageCenter", "_text": "", "_type": "TypeForHelpTitlePageCenter"}, {"py/object": "Sto.Title.ForHelpTitlePageCenter", "_text": "", "_type": "TypeForHelpTitlePageCenter"}, {"py/object": "Sto.Title.ForHelpTitlePageCenter", "_text": "", "_type": "TypeForHelpTitlePageCenter"}, {"py/object": "Sto.Title.JobTitle", "_text": "\u041e\u0422\u0427\u0415\u0422 \u041e \u041f\u0420\u0410\u041a\u0422\u0418\u0427\u0415\u0421\u041a\u041e\u0419 \u0420\u0410\u0411\u041e\u0422\u0415", "_type": "JobTitle"}, {"py/object": "Sto.Title.ForHelpTitlePageCenter", "_text": "", "_type": "TypeForHelpTitlePageCenter"}, {"py/object": "Sto.Title.DepartmentAndSubject", "_text": "\u0417\u0430\u0434\u0430\u043d\u0438\u0435 7 - \u041f\u043e\u0438\u0441\u043a \u043a\u0440\u0430\u0442\u0447\u0430\u0439\u0448\u0435\u0433\u043e \u043f\u0443\u0442\u0438 \u0432 \u0433\u0440\u0430\u0444\u0435", "_type": "DepartmentAndSubject"}, {"py/object": "Sto.Title.Subscript", "_text": "\u0442\u0435\u043c\u0430", "_type": "Subscript"}, {"py/object": "Sto.Title.ForHelpTitlePageCenter", "_text": "", "_type": "TypeForHelpTitlePageCenter"}, {"py/object": "Sto.Title.ForHelpTitlePageCenter", "_text": "", "_type": "TypeForHelpTitlePageCenter"}, {"py/object": "Sto.Title.ForHelpTitlePageCenter", "_text": "", "_type": "TypeForHelpTitlePageCenter"}, {"py/object": "Sto.Title.ForHelpTitlePageCenter", "_text": "", "_type": "TypeForHelpTitlePageCenter"}, {"py/object": "Sto.Title.ForHelpTitlePageCenter", "_text": "", "_type": "TypeForHelpTitlePageCenter"}, {"py/object": "Sto.Title.ForHelpTitlePageCenter", "_text": "", "_type": "TypeForHelpTitlePageCenter"}, {"py/object": "Sto.Title.ForHelpTitlePageCenter", "_text": "", "_type": "TypeForHelpTitlePageCenter"}, {"py/object": "Sto.Title.ForHelpTitlePageCenter", "_text": "", "_type": "TypeForHelpTitlePageCenter"}, {"py/object": "Sto.Title.ForHelpTitlePageCenter", "_text": "", "_type": "TypeForHelpTitlePageCenter"}, {"py/object": "Sto.Title.TeacherAndStudent", "_text": "\u0442\u0430\u0431\u043b\u0438\u0446\u0430", "_type": "TeacherAndStudent", "_table": ["\u041f\u0440\u0435\u043f\u043e\u0434\u0430\u0432\u0430\u0442\u0435\u043b\u044c", " ", "\u0420.\u042e. \u0426\u0430\u0440\u0435\u0432", " ", "\u043f\u043e\u0434\u043f\u0438\u0441\u044c, \u0434\u0430\u0442\u0430", "\u0438\u043d\u0438\u0446\u0438\u0430\u043b\u044b, \u0444\u0430\u043c\u0438\u043b\u0438\u044f", "\u0421\u0442\u0443\u0434\u0435\u043d\u0442 \u041a\u041818-17/1\u0431  031831229", " ", "\u0412.\u0410. \u041f\u0440\u0435\u043a\u0435\u043b\u044c", "\u043d\u043e\u043c\u0435\u0440 \u0433\u0440\u0443\u043f\u043f\u044b, \u0437\u0430\u0447\u0435\u0442\u043d\u043e\u0439 \u043a\u043d\u0438\u0436\u043a\u0438", "\u043f\u043e\u0434\u043f\u0438\u0441\u044c, \u0434\u0430\u0442\u0430", "\u0438\u043d\u0438\u0446\u0438\u0430\u043b\u044b, \u0444\u0430\u043c\u0438\u043b\u0438\u044f"]}, {"py/object": "Sto.Title.ForHelpTitlePageCenter", "_text": "", "_type": "TypeForHelpTitlePageCenter"}, {"py/object": "Sto.Title.ForHelpTitlePageCenter", "_text": "", "_type": "TypeForHelpTitlePageCenter"}, {"py/object": "Sto.Title.ForHelpTitlePageCenter", "_text": "", "_type": "TypeForHelpTitlePageCenter"}, {"py/object": "Sto.Title.ForHelpTitlePageCenter", "_text": "", "_type": "TypeForHelpTitlePageCenter"}, {"py/object": "Sto.Title.ForHelpTitlePageCenter", "_text": "", "_type": "TypeForHelpTitlePageCenter"}, {"py/object": "Sto.Title.ForHelpTitlePageCenter", "_text": "", "_type": "TypeForHelpTitlePageCenter"}, {"py/object": "Sto.Title.ForHelpTitlePageCenter", "_text": "", "_type": "TypeForHelpTitlePageCenter"}, {"py/object": "Sto.Title.ForHelpTitlePageCenter", "_text": "", "_type": "TypeForHelpTitlePageCenter"}, {"py/object": "Sto.Title.ForHelpTitlePageCenter", "_text": "", "_type": "TypeForHelpTitlePageCenter"}, {"py/object": "Sto.Title.ForHelpTitlePageCenter", "_text": "\u041a\u0440\u0430\u0441\u043d\u043e\u044f\u0440\u0441\u043a 2020", "_type": "TypeForHelpTitlePageCenter"}]}, "_headings": [{"py/object": "Sto.Heading.Heading", "_text": "\u0426\u0435\u043b\u044c \u0440\u0430\u0431\u043e\u0442\u044b \u0441 \u043f\u043e\u0441\u0442\u0430\u043d\u043e\u0432\u043a\u043e\u0439 \u0437\u0430\u0434\u0430\u0447\u0438", "_type": "Heading", "_paragraphs": [{"py/object": "Sto.Heading.Heading", "_text": "\u0426\u0435\u043b\u044c \u0440\u0430\u0431\u043e\u0442\u044b", "_type": "Heading", "_paragraphs": [{"py/object": "Sto.Paragraph.Paragraph", "_text": "\u0420\u0435\u0430\u043b\u0438\u0437\u043e\u0432\u0430\u0442\u044c \u043e\u0434\u0438\u043d \u0438\u0437 \u0430\u043b\u0433\u043e\u0440\u0438\u0442\u043c\u043e\u0432 \u043d\u0430\u0445\u043e\u0436\u0434\u0435\u043d\u0438\u044f \u043a\u0440\u0430\u0442\u0447\u0430\u0439\u0448\u0435\u0433\u043e \u043f\u0443\u0442\u0438 \u043c\u0435\u0436\u0434\u0443 \u0432\u0435\u0440\u0448\u0438\u043d\u0430\u043c\u0438 \u0433\u0440\u0430\u0444\u0430: \u0430\u043b\u0433\u043e\u0440\u0438\u0442\u043c \u0414\u0435\u0439\u043a\u0441\u0442\u0440\u044b \u0438\u043b\u0438 \u0430\u043b\u0433\u043e\u0440\u0438\u0442\u043c \u0424\u043b\u043e\u0439\u0434\u0430 (\u043f\u043e \u0432\u044b\u0431\u043e\u0440\u0443 \u0441\u0442\u0443\u0434\u0435\u043d\u0442\u0430).", "_type": "Paragraph"}, {"py/object": "Sto.Paragraph.Paragraph", "_text": "\u041f\u0440\u043e\u0433\u0440\u0430\u043c\u043c\u0430 \u0434\u043e\u043b\u0436\u043d\u0430 \u043d\u0430\u0433\u043b\u044f\u0434\u043d\u043e \u043e\u0442\u043e\u0431\u0440\u0430\u0436\u0430\u0442\u044c \u0440\u0435\u0437\u0443\u043b\u044c\u0442\u0430\u0442 \u0440\u0430\u0431\u043e\u0442\u044b \u0430\u043b\u0433\u043e\u0440\u0438\u0442\u043c\u0430.", "_type": "Paragraph"}], "_level": 2}, {"py/object": "Sto.Heading.Heading", "_text": "\u0417\u0430\u0434\u0430\u0447\u0430 \u0440\u0430\u0431\u043e\u0442\u044b", "_type": "Heading", "_paragraphs": [{"py/object": "Sto.Paragraph.Paragraph", "_text": "\u0422\u0440\u0435\u0431\u043e\u0432\u0430\u043d\u0438\u044f \u043a \u0432\u044b\u043f\u043e\u043b\u043d\u0435\u043d\u0438\u044e \u043b\u0430\u0431\u043e\u0440\u0430\u0442\u043e\u0440\u043d\u043e\u0439 \u0440\u0430\u0431\u043e\u0442\u044b:", "_type": "Paragraph"}, {"py/object": "Sto.Paragraph.Paragraph", "_text": "1. \u0421\u0430\u043c\u043e\u0441\u0442\u043e\u044f\u0442\u0435\u043b\u044c\u043d\u044b\u0435 \u0440\u0430\u0437\u0440\u0430\u0431\u043e\u0442\u043a\u0430, \u0442\u0435\u0441\u0442\u0438\u0440\u043e\u0432\u0430\u043d\u0438\u0435 \u0438 \u043e\u0442\u043b\u0430\u0434\u043a\u0430 \u043f\u0440\u043e\u0433\u0440\u0430\u043c\u043c\u044b.", "_type": "Paragraph"}, {"py/object": "Sto.Paragraph.Paragraph", "_text": "2. \u0421\u0442\u0440\u043e\u0433\u043e\u0435 \u0441\u043e\u043e\u0442\u0432\u0435\u0442\u0441\u0442\u0432\u0438\u0435 \u043f\u0440\u043e\u0433\u0440\u0430\u043c\u043c\u044b \u0438 \u0440\u0435\u0437\u0443\u043b\u044c\u0442\u0430\u0442\u043e\u0432 \u0435\u0435 \u0440\u0430\u0431\u043e\u0442\u044b \u0441 \u043f\u043e\u043b\u0443\u0447\u0435\u043d\u043d\u044b\u043c \u0437\u0430\u0434\u0430\u043d\u0438\u0435\u043c.", "_type": "Paragraph"}, {"py/object": "Sto.Paragraph.Paragraph", "_text": "3. \u0423\u0441\u0442\u043e\u0439\u0447\u0438\u0432\u043e\u0441\u0442\u044c \u0440\u0430\u0431\u043e\u0442\u044b \u043f\u0440\u043e\u0433\u0440\u0430\u043c\u043c\u044b \u043f\u0440\u0438 \u043b\u044e\u0431\u044b\u0445 \u0432\u043e\u0437\u0434\u0435\u0439\u0441\u0442\u0432\u0438\u044f\u0445, \u0437\u0430\u0434\u0430\u0432\u0430\u0435\u043c\u044b\u0445 \u043f\u043e\u043b\u044c\u0437\u043e\u0432\u0430\u0442\u0435\u043b\u0435\u043c \u0447\u0435\u0440\u0435\u0437 \u0438\u043d\u0442\u0435\u0440\u0444\u0435\u0439\u0441 \u043f\u0440\u043e\u0433\u0440\u0430\u043c\u043c\u044b.", "_type": "Paragraph"}, {"py/object": "Sto.Paragraph.Paragraph", "_text": "4. \u041f\u0440\u0435\u0434\u043e\u0441\u0442\u0430\u0432\u043b\u0435\u043d\u0438\u0435 \u0434\u0435\u043c\u043e\u043d\u0441\u0442\u0440\u0430\u0446\u0438\u043e\u043d\u043d\u044b\u0445 \u043f\u0440\u0438\u043c\u0435\u0440\u043e\u0432 \u0438 \u0438\u0441\u0445\u043e\u0434\u043d\u043e\u0433\u043e \u0442\u0435\u043a\u0441\u0442\u0430 \u043f\u0440\u043e\u0433\u0440\u0430\u043c\u043c\u044b \u0434\u043b\u044f \u0437\u0430\u0449\u0438\u0442\u044b.", "_type": "Paragraph"}, {"py/object": "Sto.Paragraph.Paragraph", "_text": "5. \u041f\u0440\u0435\u0434\u043e\u0441\u0442\u0430\u0432\u043b\u0435\u043d\u0438\u0435 \u043e\u0442\u0447\u0435\u0442\u0430 \u043f\u043e \u043b\u0430\u0431\u043e\u0440\u0430\u0442\u043e\u0440\u043d\u043e\u0439 \u0440\u0430\u0431\u043e\u0442\u0435, \u0441\u043e\u0434\u0435\u0440\u0436\u0430\u0449\u0435\u0433\u043e \u043e\u043f\u0438\u0441\u0430\u043d\u0438\u0435 \u0440\u0435\u0430\u043b\u0438\u0437\u043e\u0432\u0430\u043d\u043d\u043e\u0433\u043e \u0430\u043b\u0433\u043e\u0440\u0438\u0442\u043c\u0430, \u043f\u0440\u043e\u0433\u0440\u0430\u043c\u043c\u044b, \u0440\u0435\u0437\u0443\u043b\u044c\u0442\u0430\u0442\u043e\u0432 \u0440\u0430\u0431\u043e\u0442\u044b \u043f\u0440\u043e\u0433\u0440\u0430\u043c\u043c\u044b.", "_type": "Paragraph"}, {"py/object": "Sto.Paragraph.Paragraph", "_text": "\u0423\u0441\u043b\u043e\u0432\u0438\u044f \u0441\u0434\u0430\u0447\u0438 \u043b\u0430\u0431\u043e\u0440\u0430\u0442\u043e\u0440\u043d\u043e\u0439 \u0440\u0430\u0431\u043e\u0442\u044b:", "_type": "Paragraph"}, {"py/object": "Sto.Paragraph.Paragraph", "_text": " - \u0417\u043d\u0430\u043d\u0438\u0435 \u0442\u0435\u043e\u0440\u0438\u0438 \u043f\u043e \u0441\u0434\u0430\u0432\u0430\u0435\u043c\u043e\u043c\u0443 \u0430\u043b\u0433\u043e\u0440\u0438\u0442\u043c\u0443.", "_type": "Paragraph"}, {"py/object": "Sto.Paragraph.Paragraph", "_text": " - \u0423\u043c\u0435\u043d\u0438\u0435 \u043e\u0431\u044a\u044f\u0441\u043d\u0438\u0442\u044c \u043f\u043e\u043b\u0443\u0447\u0435\u043d\u043d\u044b\u0435 \u0440\u0435\u0437\u0443\u043b\u044c\u0442\u0430\u0442\u044b.", "_type": "Paragraph"}, {"py/object": "Sto.Paragraph.Paragraph", "_text": " - \u0421\u043f\u043e\u0441\u043e\u0431\u043d\u043e\u0441\u0442\u044c \u0431\u044b\u0441\u0442\u0440\u043e \u043f\u0440\u043e\u0434\u0435\u043c\u043e\u043d\u0441\u0442\u0440\u0438\u0440\u043e\u0432\u0430\u0442\u044c \u043d\u0430 \u043a\u043e\u043c\u043f\u044c\u044e\u0442\u0435\u0440\u0435 \u0432\u043b\u0430\u0434\u0435\u043d\u0438\u0435 \u043f\u0440\u0435\u0434\u043c\u0435\u0442\u043d\u043e\u0439 \u043e\u0431\u043b\u0430\u0441\u0442\u044c\u044e.", "_type": "Paragraph"}], "_level": 2}], "_level": 1}, {"py/object": "Sto.Heading.Heading", "_text": "\u041e\u043f\u0438\u0441\u0430\u043d\u0438\u0435 \u0440\u0435\u0430\u043b\u0438\u0437\u043e\u0432\u0430\u043d\u043d\u043e\u0433\u043e \u0430\u043b\u0433\u043e\u0440\u0438\u0442\u043c\u0430", "_type": "Heading", "_paragraphs": [{"py/object": "Sto.Paragraph.Paragraph", "_text": "\u0420\u0435\u0430\u043b\u0438\u0437\u043e\u0432\u0430\u043d \u0430\u043b\u0433\u043e\u0440\u0438\u0442\u043c \u0414\u0435\u0439\u043a\u0441\u0442\u0440\u044b.", "_type": "Paragraph"}], "_level": 1}, {"py/object": "Sto.Heading.Heading", "_text": "\u041e\u043f\u0438\u0441\u0430\u043d\u0438\u0435 \u043f\u0440\u043e\u0433\u0440\u0430\u043c\u043c\u044b (\u043b\u0438\u0441\u0442\u0438\u043d\u0433\u0438 \u043a\u043e\u0434\u0430)", "_type": "Heading", "_paragraphs": [{"py/object": "Sto.Paragraph.Paragraph", "_text": "", "_type": "Paragraph"}, {"py/object": "Sto.Listing.ListingDescription", "_text": "Alg_07/Alg_07.Core/Dijkstra.cs", "_type": "ListingDescription"}, {"py/object": "Sto.Listing.Listing", "_text": "using System;\nusing System.Collections.Generic;\nusing System.Linq;\n\nnamespace Alg_07.Core\n{\n    public class Dijkstra<T>\n        where T : IComparable\n    {\n        public Dijkstra(Graph<T> g, Vertex<T> a)\n        {\n            G = g;\n            A = a;\n        }\n\n        public Graph<T> G { get; }\n        public Vertex<T> A { get; }\n        public SortedDictionary<Vertex<T>, double> Distances { get; } = new SortedDictionary<Vertex<T>, double>();\n\n        public SortedDictionary<Vertex<T>, List<Edge<T>>> Paths { get; } =\n            new SortedDictionary<Vertex<T>, List<Edge<T>>>();\n\n        private Vertices<T> V => G.V;\n        private Edges<T> E => G.E;\n        private SortedSet<Vertex<T>> U { get; } = new SortedSet<Vertex<T>>();\n\n        public void Calc()\n        {\n            Distances[A] = 0;\n            Paths[A] = new List<Edge<T>>();\n            foreach (var u in V.Where(y => y.Value != A).Select(y => y.Value))\n            {\n                Distances[u] = Double.PositiveInfinity;\n            }\n\n            while (U.Count < V.Count)\n            {\n                var v = V.Select(y => y.Value)\n                    .Except(U)\n                    .OrderBy(y => Distances[y])\n                    .First();\n                U.Add(v);\n                foreach (var u in V.Select(y => y.Value)\n                    .Except(U)\n                    .Where(u => v.Contains(E.FirstOrDefault(e => e.Item1 == v && e.Item2 == u))))\n                {\n                    var vu = E.First(e => e.Item1 == v && e.Item2 == u);\n                    if (Distances[u] > Distances[v] + vu.Weight)\n                    {\n                        Distances[u] = Distances[v] + vu.Weight;\n                        Paths[u] = new List<Edge<T>>(Paths[v]) {vu};\n                    }\n                }\n            }\n        }\n    }\n}\n", "_type": "Listing"}, {"py/object": "Sto.Paragraph.Paragraph", "_text": "", "_type": "Paragraph"}, {"py/object": "Sto.Paragraph.Paragraph", "_text": "", "_type": "Paragraph"}, {"py/object": "Sto.Listing.ListingDescription", "_text": "Alg_07/Alg_07.Core/Edge.cs", "_type": "ListingDescription"}, {"py/object": "Sto.Listing.Listing", "_text": "using System;\n\nnamespace Alg_07.Core\n{\n    public class Edge<T> : Tuple<Vertex<T>, Vertex<T>>, IComparable, IEquatable<Edge<T>>\n        where T : IComparable\n    {\n        public Edge(Vertex<T> item1, Vertex<T> item2, double weight) : base(item1, item2) => Weight = weight;\n\n        public double Weight { get; }\n\n        public int CompareTo(object obj)\n        {\n            var (item1, item2) = (Edge<T>) obj;\n\n            var c1 = Item1.CompareTo(item1);\n            var c2 = Item2.CompareTo(item2);\n\n            return c1 == 0 ? c2 : c1;\n        }\n\n        public bool Equals(Edge<T>? other) =>\n            other != null && Item1.Equals(other.Item1) && Item2.Equals(other.Item2);\n\n        public bool HasVertex(Vertex<T> v) => Item1 == v || Item2 == v;\n\n        public Vertex<T>? OtherVertex(Vertex<T> v) => v == Item1 ? Item2 : v == Item2 ? Item1 : null;\n\n        public override string ToString() => $\"({Item1} ->{Weight}-> {Item2})\";\n\n        public override bool Equals(object? obj)\n        {\n            if (ReferenceEquals(null, obj))\n            {\n                return false;\n            }\n\n            if (ReferenceEquals(this, obj))\n            {\n                return true;\n            }\n\n            if (obj.GetType() != GetType())\n            {\n                return false;\n            }\n\n            return Equals((Edge<T>) obj);\n        }\n\n        public override int GetHashCode() => base.GetHashCode();\n\n        public static bool operator ==(Edge<T>? left, Edge<T>? right) => Equals(left, right);\n\n        public static bool operator !=(Edge<T>? left, Edge<T>? right) => !Equals(left, right);\n    }\n}\n", "_type": "Listing"}, {"py/object": "Sto.Paragraph.Paragraph", "_text": "", "_type": "Paragraph"}, {"py/object": "Sto.Paragraph.Paragraph", "_text": "", "_type": "Paragraph"}, {"py/object": "Sto.Listing.ListingDescription", "_text": "Alg_07/Alg_07.Core/Edges.cs", "_type": "ListingDescription"}, {"py/object": "Sto.Listing.Listing", "_text": "using System;\nusing System.Collections.Generic;\n\nnamespace Alg_07.Core\n{\n    public class Edges<T> : SortedSet<Edge<T>>\n        where T : IComparable\n    {\n        public override string ToString() => String.Join(\"; \", this);\n    }\n}\n", "_type": "Listing"}, {"py/object": "Sto.Paragraph.Paragraph", "_text": "", "_type": "Paragraph"}, {"py/object": "Sto.Paragraph.Paragraph", "_text": "", "_type": "Paragraph"}, {"py/object": "Sto.Listing.ListingDescription", "_text": "Alg_07/Alg_07.Core/Vertex.cs", "_type": "ListingDescription"}, {"py/object": "Sto.Listing.Listing", "_text": "using System;\n\nnamespace Alg_07.Core\n{\n    public class Vertex<T> : Edges<T>, IComparable, IEquatable<Vertex<T>>\n        where T : IComparable\n    {\n        public Vertex(T value) => Value = value;\n\n        public T Value { get; }\n\n        public int CompareTo(object obj)\n        {\n            var v = (Vertex<T>) obj;\n\n            return Value.CompareTo(v.Value);\n        }\n\n        public bool Equals(Vertex<T>? other)\n        {\n            if (ReferenceEquals(null, other))\n            {\n                return false;\n            }\n\n            if (ReferenceEquals(this, other))\n            {\n                return true;\n            }\n\n            return Value.CompareTo(other.Value) == 0;\n        }\n\n        public override string ToString() => $\"{Value}\";\n\n        public override bool Equals(object? obj)\n        {\n            if (ReferenceEquals(null, obj))\n            {\n                return false;\n            }\n\n            if (ReferenceEquals(this, obj))\n            {\n                return true;\n            }\n\n            if (obj.GetType() != GetType())\n            {\n                return false;\n            }\n\n            return Equals((Vertex<T>) obj);\n        }\n\n        public override int GetHashCode() => Value.GetHashCode();\n\n        public static bool operator ==(Vertex<T>? left, Vertex<T>? right) => Equals(left, right);\n\n        public static bool operator !=(Vertex<T>? left, Vertex<T>? right) => !Equals(left, right);\n    }\n}\n", "_type": "Listing"}, {"py/object": "Sto.Paragraph.Paragraph", "_text": "", "_type": "Paragraph"}, {"py/object": "Sto.Paragraph.Paragraph", "_text": "", "_type": "Paragraph"}, {"py/object": "Sto.Listing.ListingDescription", "_text": "Alg_07/Alg_07.Core/Vertices.cs", "_type": "ListingDescription"}, {"py/object": "Sto.Listing.Listing", "_text": "using System;\nusing System.Collections.Generic;\n\nnamespace Alg_07.Core\n{\n    public class Vertices<T> : SortedDictionary<T, Vertex<T>>\n        where T : IComparable\n    {\n        public override string ToString() => String.Join(\"; \", Values);\n    }\n}\n", "_type": "Listing"}, {"py/object": "Sto.Paragraph.Paragraph", "_text": "", "_type": "Paragraph"}, {"py/object": "Sto.Paragraph.Paragraph", "_text": "", "_type": "Paragraph"}, {"py/object": "Sto.Listing.ListingDescription", "_text": "Alg_07/Alg_07.Core/Graph.cs", "_type": "ListingDescription"}, {"py/object": "Sto.Listing.Listing", "_text": "using System;\nusing System.Collections.Generic;\nusing System.Linq;\n\nnamespace Alg_07.Core\n{\n    public class Graph<T> : Tuple<Vertices<T>, Edges<T>>\n        where T : IComparable\n    {\n        public Graph() : base(new Vertices<T>(), new Edges<T>())\n        {\n        }\n\n        public Vertices<T> V => Item1;\n        public Edges<T> E => Item2;\n\n        public Vertex<T> AddVertex(T value)\n        {\n            V[value] = new Vertex<T>(value);\n            return V[value];\n        }\n\n        public void RemoveVertex(T value)\n        {\n            E.RemoveWhere(e => e.HasVertex(V[value]));\n            V.Remove(value);\n        }\n\n        public void RemoveVertex(Vertex<T> v)\n        {\n            E.RemoveWhere(e => e.HasVertex(v));\n            V.Remove(v.Value);\n        }\n\n        public void RemoveEdge(Edge<T> e)\n        {\n            V[e.Item1.Value].RemoveWhere(ed => ed.CompareTo(e) == 0);\n            V[e.Item2.Value].RemoveWhere(ed => ed.CompareTo(e) == 0);\n            E.RemoveWhere(ed => ed.CompareTo(e) == 0);\n        }\n\n        public void RemoveEdge(T value1, T value2)\n        {\n            var v1 = V[value1];\n            var v2 = V[value2];\n            v1.RemoveWhere(ed => ed.HasVertex(v1) && ed.HasVertex(v2));\n            v2.RemoveWhere(ed => ed.HasVertex(v1) && ed.HasVertex(v2));\n            E.RemoveWhere(ed => ed.HasVertex(v1) && ed.HasVertex(v2));\n        }\n\n        public Edge<T> AddEdge(T value1, T value2, double weigth) => AddEdge(V[value1], V[value2], weigth);\n\n        public Edge<T> AddEdge(Vertex<T> v1, Vertex<T> v2, double weigth)\n        {\n            var e = new Edge<T>(v1, v2, weigth);\n            E.Add(e);\n            v1.Add(e);\n            v2.Add(e);\n            return e;\n        }\n        \n        public override string ToString() => $\"V: {String.Join(\", \", V.Values)}; E: {String.Join(\", \", E)}\";\n    }\n}\n", "_type": "Listing"}, {"py/object": "Sto.Paragraph.Paragraph", "_text": "", "_type": "Paragraph"}, {"py/object": "Sto.Paragraph.Paragraph", "_text": "", "_type": "Paragraph"}, {"py/object": "Sto.Listing.ListingDescription", "_text": "Alg_07/Alg_07.Core.Tests/DijkstraTests.cs", "_type": "ListingDescription"}, {"py/object": "Sto.Listing.Listing", "_text": "using System;\nusing System.Linq;\n\nusing NUnit.Framework;\n\nnamespace Alg_07.Core.Tests\n{\n    public class DijkstraTests\n    {\n        [Test]\n        public void TestFromWiki()\n        {\n            var g = new Graph<int>();\n            g.AddVertex(1);\n            g.AddVertex(2);\n            g.AddVertex(3);\n            g.AddVertex(4);\n            g.AddVertex(5);\n            g.AddVertex(6);\n            g.AddEdge(1, 2, 7);\n            g.AddEdge(1, 3, 9);\n            g.AddEdge(1, 6, 14);\n            g.AddEdge(2, 3, 10);\n            g.AddEdge(2, 4, 15);\n            g.AddEdge(3, 6, 2);\n            g.AddEdge(3, 4, 11);\n            g.AddEdge(6, 5, 9);\n            g.AddEdge(5, 4, 6);\n            g.AddEdge(2, 1, 7);\n            g.AddEdge(3, 1, 9);\n            g.AddEdge(6, 1, 14);\n            g.AddEdge(3, 2, 10);\n            g.AddEdge(4, 2, 15);\n            g.AddEdge(6, 3, 2);\n            g.AddEdge(4, 3, 11);\n            g.AddEdge(5, 6, 9);\n            g.AddEdge(4, 5, 6);\n\n            var d = new Dijkstra<int>(g, g.V[1]);\n            d.Calc();\n\n            Assert.That(d.Distances.Count, Is.EqualTo(6));\n            Assert.That(d.Distances.Select(p => p.Value), Is.EquivalentTo(new[] {0, 7, 9, 20, 20, 11}));\n            Assert.That(d.Paths[g.V[5]],\n                Is.EquivalentTo(new[]\n                {\n                    g.E.First(e => e.Item1.Value == 1 && e.Item2.Value == 3),\n                    g.E.First(e => e.Item1.Value == 3 && e.Item2.Value == 6),\n                    g.E.First(e => e.Item1.Value == 6 && e.Item2.Value == 5)\n                }));\n        }\n\n        [Test]\n        public void TestFromWikiWithNonConnectivity()\n        {\n            var g = new Graph<int>();\n            g.AddVertex(1);\n            g.AddVertex(2);\n            g.AddVertex(3);\n            g.AddVertex(4);\n            g.AddVertex(5);\n            g.AddVertex(6);\n            g.AddEdge(1, 2, 7);\n            g.AddEdge(1, 3, 9);\n            g.AddEdge(1, 6, 14);\n            g.AddEdge(2, 3, 10);\n            g.AddEdge(2, 4, 15);\n            g.AddEdge(3, 6, 2);\n            g.AddEdge(3, 4, 11);\n            g.AddEdge(6, 5, 9);\n            g.AddEdge(5, 4, 6);\n            g.AddEdge(2, 1, 7);\n            g.AddEdge(3, 1, 9);\n            g.AddEdge(6, 1, 14);\n            g.AddEdge(3, 2, 10);\n            g.AddEdge(4, 2, 15);\n            g.AddEdge(6, 3, 2);\n            g.AddEdge(4, 3, 11);\n            g.AddEdge(5, 6, 9);\n            g.AddEdge(4, 5, 6);\n\n            g.AddVertex(7);\n            g.AddVertex(8);\n            g.AddEdge(7, 8, 1);\n            g.AddEdge(8, 7, 1);\n\n            var d = new Dijkstra<int>(g, g.V[1]);\n            d.Calc();\n\n            Assert.That(d.Distances.Count, Is.EqualTo(8));\n            Assert.That(d.Distances.Select(p => p.Value),\n                Is.EquivalentTo(new[] {0, 7, 9, 20, 20, 11, Double.PositiveInfinity, Double.PositiveInfinity}));\n            Assert.That(d.Paths.ContainsKey(g.V[7]), Is.False);\n            Assert.That(d.Paths.ContainsKey(g.V[8]), Is.False);\n        }\n    }\n}\n", "_type": "Listing"}, {"py/object": "Sto.Paragraph.Paragraph", "_text": "", "_type": "Paragraph"}, {"py/object": "Sto.Paragraph.Paragraph", "_text": "", "_type": "Paragraph"}, {"py/object": "Sto.Listing.ListingDescription", "_text": "Alg_07/Alg_07.Console/Program.cs", "_type": "ListingDescription"}, {"py/object": "Sto.Listing.Listing", "_text": "using System;\nusing System.Collections.Generic;\nusing System.Linq;\nusing System.Text;\n\nusing Alg_07.Core;\n\nnamespace Alg_07.Console\n{\n    public class Program\n    {\n        private static string SearchAndOut(Action<int, Action<Vertex<int>>> search, int start, Graph<int> g)\n        {\n            var res = new List<int>();\n            search(start, v => res.Add(v.Value));\n            return String.Join(\" \", res);\n        }\n\n        public static void Main(string[] args)\n        {\n            System.Console.InputEncoding = Encoding.UTF8;\n            System.Console.OutputEncoding = Encoding.UTF8;\n\n            var g = new Graph<int>();\n\n            while (true)\n            {\n                try\n                {\n                    System.Console.WriteLine(\"\u0412\u0432\u0435\u0434\u0438\u0442\u0435 \u043d\u043e\u043c\u0435\u0440\u0430 \u0432\u0435\u0440\u0448\u0438\u043d \u0447\u0435\u0440\u0435\u0437 \u043f\u0440\u043e\u0431\u0435\u043b: \");\n                    var a = System.Console.ReadLine()\n                        .Split(new[] {\" \"}, StringSplitOptions.RemoveEmptyEntries)\n                        .Select(Int32.Parse)\n                        .Distinct()\n                        .Select(g.AddVertex)\n                        .ToList();\n\n                    break;\n                }\n                catch (Exception e)\n                {\n                    System.Console.Error.WriteLine($\"\u041e\u0448\u0438\u0431\u043a\u0430: {e.Message}\\n\");\n                }\n            }\n\n            while (true)\n            {\n                try\n                {\n                    System.Console.WriteLine(\n                        \"\u0412\u0432\u043e\u0434\u0438\u0442\u0435 \u0447\u0435\u0440\u0435\u0437 Enter 2 \u043d\u043e\u043c\u0435\u0440\u0430 \u0432\u0435\u0440\u0448\u0438\u043d\u044b \u0438 \u0432\u0435\u0441 \u0447\u0435\u0440\u0435\u0437 \u043f\u0440\u043e\u0431\u0435\u043b, \u043e\u0431\u043e\u0437\u043d\u0430\u0447\u0430\u044e\u0449\u0438\u0445 \u0434\u0443\u0433\u0443: \");\n\n                    while (true)\n                    {\n                        var es = System.Console.ReadLine();\n                        if (es == \"\")\n                        {\n                            break;\n                        }\n\n                        var esp = es.Split(new[] {\" \"}, StringSplitOptions.RemoveEmptyEntries).ToList();\n\n                        if (esp.Count == 3)\n                        {\n                            g.AddEdge(Int32.Parse(esp[0]), Int32.Parse(esp[1]), Double.Parse(esp[2]));\n                        }\n                    }\n\n                    break;\n                }\n                catch (Exception e)\n                {\n                    System.Console.Error.WriteLine($\"\u041e\u0448\u0438\u0431\u043a\u0430: {e.Message}\\n\");\n                }\n            }\n\n            while (true)\n            {\n                try\n                {\n                    System.Console.WriteLine($\"\u0412\u0435\u0440\u0448\u0438\u043d\u044b \u0433\u0440\u0430\u0444\u0430: {g.V}\");\n                    System.Console.WriteLine($\"\u0420\u0451\u0431\u0440\u0430 \u0433\u0440\u0430\u0444\u0430: {g.E}\");\n\n                    System.Console.WriteLine(\"\u0412\u0432\u0435\u0434\u0438\u0442\u0435 \u0438\u0437 \u043a\u0430\u043a\u043e\u0439 \u0432\u0435\u0440\u0448\u0438\u043d\u044b \u0438\u0441\u043a\u0430\u0442\u044c \u043f\u0443\u0442\u0438: \");\n                    var a = Int32.Parse(System.Console.ReadLine());\n\n                    var d = new Dijkstra<int>(g, g.V[a]);\n                    d.Calc();\n\n                    System.Console.WriteLine();\n                    System.Console.WriteLine(\"\u043e\u0442 ->\u0440\u0430\u0441\u0441\u0442\u043e\u044f\u043d\u0438\u0435-> \u0434\u043e: \u0441\u043f\u0438\u0441\u043e\u043a \u0434\u0443\u0433\");\n\n                    foreach (var (vertex, path) in d.Paths)\n                    {\n                        System.Console.WriteLine(\n                            $\"{a} ->{d.Distances[vertex]}-> {vertex.Value}: {String.Join(\", \", path)}\");\n                    }\n\n                    break;\n                }\n                catch (Exception e)\n                {\n                    System.Console.Error.WriteLine($\"\u041e\u0448\u0438\u0431\u043a\u0430: {e.Message}\\n\");\n                }\n            }\n\n            System.Console.ReadKey();\n        }\n    }\n}\n ", "_type": "Listing"}, {"py/object": "Sto.Paragraph.Paragraph", "_text": "", "_type": "Paragraph"}], "_level": 1}, {"py/object": "Sto.Heading.Heading", "_text": "\u0420\u0435\u0437\u0443\u043b\u044c\u0442\u0430\u0442\u044b \u0440\u0430\u0431\u043e\u0442\u044b \u043f\u0440\u043e\u0433\u0440\u0430\u043c\u043c\u044b", "_type": "Heading", "_paragraphs": [{"py/object": "Sto.Paragraph.Paragraph", "_text": "", "_type": "Paragraph"}, {"py/object": "Sto.Picture.Picture", "_text": "pic1.png", "_type": "Picture"}, {"py/object": "Sto.Picture.PictureDescription", "_text": "\u0417\u0430\u043f\u0443\u0441\u043a \u043f\u0440\u043e\u0433\u0440\u0430\u043c\u043c\u044b \u0441 \u0433\u0440\u0430\u0444\u043e\u043c \u0438\u0437 \u0441\u043b\u0435\u0434\u0443\u044e\u0449\u0435\u0433\u043e \u0440\u0438\u0441\u0443\u043d\u043a\u0430", "_type": "PictureDescription"}, {"py/object": "Sto.Paragraph.Paragraph", "_text": "", "_type": "Paragraph"}, {"py/object": "Sto.Paragraph.Paragraph", "_text": "", "_type": "Paragraph"}, {"py/object": "Sto.Picture.Picture", "_text": "pic2.png", "_type": "Picture"}, {"py/object": "Sto.Picture.PictureDescription", "_text": "\u0413\u0440\u0430\u0444 \u0438\u0437 \u0412\u0438\u043a\u0438\u043f\u0435\u0434\u0438\u0438 ", "_type": "PictureDescription"}, {"py/object": "Sto.Paragraph.Paragraph", "_text": "", "_type": "Paragraph"}], "_level": 1}], "_resources_list": {"py/object": "Sto.ResourcesList.ResourcesList", "_text": "", "_type": "ResourcesList", "_paragraphs": []}, "_attachments": []}