{"py/object": "Sto.StoDocument.StoDocument", "_title_page": {"py/object": "Sto.Title.TitlePage", "_paragraphs": [{"py/object": "Sto.Title.ForHelpTitlePageCenter", "_text": "\u0424\u0435\u0434\u0435\u0440\u0430\u043b\u044c\u043d\u043e\u0435 \u0433\u043e\u0441\u0443\u0434\u0430\u0440\u0441\u0442\u0432\u0435\u043d\u043d\u043e\u0435 \u0430\u0432\u0442\u043e\u043d\u043e\u043c\u043d\u043e\u0435", "_type": "TypeForHelpTitlePageCenter"}, {"py/object": "Sto.Title.ForHelpTitlePageCenter", "_text": "\u043e\u0431\u0440\u0430\u0437\u043e\u0432\u0430\u0442\u0435\u043b\u044c\u043d\u043e\u0435 \u0443\u0447\u0440\u0435\u0436\u0434\u0435\u043d\u0438\u0435", "_type": "TypeForHelpTitlePageCenter"}, {"py/object": "Sto.Title.ForHelpTitlePageCenter", "_text": "\u0432\u044b\u0441\u0448\u0435\u0433\u043e \u043e\u0431\u0440\u0430\u0437\u043e\u0432\u0430\u043d\u0438\u044f", "_type": "TypeForHelpTitlePageCenter"}, {"py/object": "Sto.Title.ForHelpTitlePageCenter", "_text": "\u00ab\u0421\u0418\u0411\u0418\u0420\u0421\u041a\u0418\u0419 \u0424\u0415\u0414\u0415\u0420\u0410\u041b\u042c\u041d\u042b\u0419 \u0423\u041d\u0418\u0412\u0415\u0420\u0421\u0418\u0422\u0415\u0422\u00bb", "_type": "TypeForHelpTitlePageCenter"}, {"py/object": "Sto.Title.ForHelpTitlePageCenter", "_text": "", "_type": "TypeForHelpTitlePageCenter"}, {"py/object": "Sto.Title.DepartmentAndSubject", "_text": "\u0418\u043d\u0441\u0442\u0438\u0442\u0443\u0442 \u041a\u043e\u0441\u043c\u0438\u0447\u0435\u0441\u043a\u0438\u0445 \u0438 \u0438\u043d\u0444\u043e\u0440\u043c\u0430\u0446\u0438\u043e\u043d\u043d\u044b\u0445 \u0442\u0435\u0445\u043d\u043e\u043b\u043e\u0433\u0438\u0439", "_type": "DepartmentAndSubject"}, {"py/object": "Sto.Title.Subscript", "_text": "\u0438\u043d\u0441\u0442\u0438\u0442\u0443\u0442", "_type": "Subscript"}, {"py/object": "Sto.Title.DepartmentAndSubject", "_text": "\u041a\u0430\u0444\u0435\u0434\u0440\u0430 \u00ab\u0418\u043d\u0444\u043e\u0440\u043c\u0430\u0442\u0438\u043a\u0430\u00bb", "_type": "DepartmentAndSubject"}, {"py/object": "Sto.Title.Subscript", "_text": "\u043a\u0430\u0444\u0435\u0434\u0440\u0430", "_type": "Subscript"}, {"py/object": "Sto.Title.ForHelpTitlePageCenter", "_text": "", "_type": "TypeForHelpTitlePageCenter"}, {"py/object": "Sto.Title.ForHelpTitlePageCenter", "_text": "", "_type": "TypeForHelpTitlePageCenter"}, {"py/object": "Sto.Title.ForHelpTitlePageCenter", "_text": "", "_type": "TypeForHelpTitlePageCenter"}, {"py/object": "Sto.Title.ForHelpTitlePageCenter", "_text": "", "_type": "TypeForHelpTitlePageCenter"}, {"py/object": "Sto.Title.ForHelpTitlePageCenter", "_text": "", "_type": "TypeForHelpTitlePageCenter"}, {"py/object": "Sto.Title.ForHelpTitlePageCenter", "_text": "", "_type": "TypeForHelpTitlePageCenter"}, {"py/object": "Sto.Title.ForHelpTitlePageCenter", "_text": "", "_type": "TypeForHelpTitlePageCenter"}, {"py/object": "Sto.Title.ForHelpTitlePageCenter", "_text": "", "_type": "TypeForHelpTitlePageCenter"}, {"py/object": "Sto.Title.ForHelpTitlePageCenter", "_text": "", "_type": "TypeForHelpTitlePageCenter"}, {"py/object": "Sto.Title.ForHelpTitlePageCenter", "_text": "", "_type": "TypeForHelpTitlePageCenter"}, {"py/object": "Sto.Title.JobTitle", "_text": "\u041e\u0422\u0427\u0415\u0422 \u041e \u041f\u0420\u0410\u041a\u0422\u0418\u0427\u0415\u0421\u041a\u041e\u0419 \u0420\u0410\u0411\u041e\u0422\u0415", "_type": "JobTitle"}, {"py/object": "Sto.Title.ForHelpTitlePageCenter", "_text": "", "_type": "TypeForHelpTitlePageCenter"}, {"py/object": "Sto.Title.DepartmentAndSubject", "_text": "\u0417\u0430\u0434\u0430\u043d\u0438\u0435 4 - \u0423\u0441\u043e\u0432\u0435\u0440\u0448\u0435\u043d\u0441\u0442\u0432\u043e\u0432\u0430\u043d\u043d\u044b\u0435 \u0430\u043b\u0433\u043e\u0440\u0438\u0442\u043c\u044b \u0441\u043e\u0440\u0442\u0438\u0440\u043e\u0432\u043a\u0438 \u043c\u0430\u0441\u0441\u0438\u0432\u043e\u0432", "_type": "DepartmentAndSubject"}, {"py/object": "Sto.Title.Subscript", "_text": "\u0442\u0435\u043c\u0430", "_type": "Subscript"}, {"py/object": "Sto.Title.ForHelpTitlePageCenter", "_text": "", "_type": "TypeForHelpTitlePageCenter"}, {"py/object": "Sto.Title.ForHelpTitlePageCenter", "_text": "", "_type": "TypeForHelpTitlePageCenter"}, {"py/object": "Sto.Title.ForHelpTitlePageCenter", "_text": "", "_type": "TypeForHelpTitlePageCenter"}, {"py/object": "Sto.Title.ForHelpTitlePageCenter", "_text": "", "_type": "TypeForHelpTitlePageCenter"}, {"py/object": "Sto.Title.ForHelpTitlePageCenter", "_text": "", "_type": "TypeForHelpTitlePageCenter"}, {"py/object": "Sto.Title.ForHelpTitlePageCenter", "_text": "", "_type": "TypeForHelpTitlePageCenter"}, {"py/object": "Sto.Title.ForHelpTitlePageCenter", "_text": "", "_type": "TypeForHelpTitlePageCenter"}, {"py/object": "Sto.Title.ForHelpTitlePageCenter", "_text": "", "_type": "TypeForHelpTitlePageCenter"}, {"py/object": "Sto.Title.ForHelpTitlePageCenter", "_text": "", "_type": "TypeForHelpTitlePageCenter"}, {"py/object": "Sto.Title.TeacherAndStudent", "_text": "\u0442\u0430\u0431\u043b\u0438\u0446\u0430", "_type": "TeacherAndStudent", "_table": ["\u041f\u0440\u0435\u043f\u043e\u0434\u0430\u0432\u0430\u0442\u0435\u043b\u044c", " ", "\u0420.\u042e. \u0426\u0430\u0440\u0435\u0432", " ", "\u043f\u043e\u0434\u043f\u0438\u0441\u044c, \u0434\u0430\u0442\u0430", "\u0438\u043d\u0438\u0446\u0438\u0430\u043b\u044b, \u0444\u0430\u043c\u0438\u043b\u0438\u044f", "\u0421\u0442\u0443\u0434\u0435\u043d\u0442 \u041a\u041818-17/1\u0431  031831229", " ", "\u0412.\u0410. \u041f\u0440\u0435\u043a\u0435\u043b\u044c", "\u043d\u043e\u043c\u0435\u0440 \u0433\u0440\u0443\u043f\u043f\u044b, \u0437\u0430\u0447\u0435\u0442\u043d\u043e\u0439 \u043a\u043d\u0438\u0436\u043a\u0438", "\u043f\u043e\u0434\u043f\u0438\u0441\u044c, \u0434\u0430\u0442\u0430", "\u0438\u043d\u0438\u0446\u0438\u0430\u043b\u044b, \u0444\u0430\u043c\u0438\u043b\u0438\u044f"]}, {"py/object": "Sto.Title.ForHelpTitlePageCenter", "_text": "", "_type": "TypeForHelpTitlePageCenter"}, {"py/object": "Sto.Title.ForHelpTitlePageCenter", "_text": "", "_type": "TypeForHelpTitlePageCenter"}, {"py/object": "Sto.Title.ForHelpTitlePageCenter", "_text": "", "_type": "TypeForHelpTitlePageCenter"}, {"py/object": "Sto.Title.ForHelpTitlePageCenter", "_text": "", "_type": "TypeForHelpTitlePageCenter"}, {"py/object": "Sto.Title.ForHelpTitlePageCenter", "_text": "", "_type": "TypeForHelpTitlePageCenter"}, {"py/object": "Sto.Title.ForHelpTitlePageCenter", "_text": "", "_type": "TypeForHelpTitlePageCenter"}, {"py/object": "Sto.Title.ForHelpTitlePageCenter", "_text": "", "_type": "TypeForHelpTitlePageCenter"}, {"py/object": "Sto.Title.ForHelpTitlePageCenter", "_text": "", "_type": "TypeForHelpTitlePageCenter"}, {"py/object": "Sto.Title.ForHelpTitlePageCenter", "_text": "", "_type": "TypeForHelpTitlePageCenter"}, {"py/object": "Sto.Title.ForHelpTitlePageCenter", "_text": "\u041a\u0440\u0430\u0441\u043d\u043e\u044f\u0440\u0441\u043a 2020", "_type": "TypeForHelpTitlePageCenter"}]}, "_headings": [{"py/object": "Sto.Heading.Heading", "_text": "\u0426\u0435\u043b\u044c \u0440\u0430\u0431\u043e\u0442\u044b \u0441 \u043f\u043e\u0441\u0442\u0430\u043d\u043e\u0432\u043a\u043e\u0439 \u0437\u0430\u0434\u0430\u0447\u0438", "_type": "Heading", "_paragraphs": [{"py/object": "Sto.Heading.Heading", "_text": "\u0426\u0435\u043b\u044c \u0440\u0430\u0431\u043e\u0442\u044b", "_type": "Heading", "_paragraphs": [{"py/object": "Sto.Paragraph.Paragraph", "_text": "\u0423\u0441\u043e\u0432\u0435\u0440\u0448\u0435\u043d\u0441\u0442\u0432\u043e\u0432\u0430\u043d\u043d\u044b\u0435 \u0430\u043b\u0433\u043e\u0440\u0438\u0442\u043c\u044b \u0441\u043e\u0440\u0442\u0438\u0440\u043e\u0432\u043a\u0438 \u043c\u0430\u0441\u0441\u0438\u0432\u043e\u0432.", "_type": "Paragraph"}], "_level": 2}, {"py/object": "Sto.Heading.Heading", "_text": "\u0417\u0430\u0434\u0430\u0447\u0430 \u0440\u0430\u0431\u043e\u0442\u044b", "_type": "Heading", "_paragraphs": [{"py/object": "Sto.Paragraph.Paragraph", "_text": "\u0420\u0435\u0430\u043b\u0438\u0437\u043e\u0432\u0430\u0442\u044c \u0432 \u043f\u0440\u043e\u0433\u0440\u0430\u043c\u043c\u0435 \u0434\u0432\u0430 \u0430\u043b\u0433\u043e\u0440\u0438\u0442\u043c\u0430 (\u043f\u043e \u0432\u044b\u0431\u043e\u0440\u0443 \u0441\u0442\u0443\u0434\u0435\u043d\u0442\u0430) \u0438\u0437 \u0443\u043a\u0430\u0437\u0430\u043d\u043d\u044b\u0445 \u043d\u0438\u0436\u0435:", "_type": "Paragraph"}, {"py/object": "Sto.Paragraph.Paragraph", "_text": "\u0430) \u0448\u0435\u0439\u043a\u0435\u0440\u043d\u0430\u044f \u0441\u043e\u0440\u0442\u0438\u0440\u043e\u0432\u043a\u0430,", "_type": "Paragraph"}, {"py/object": "Sto.Paragraph.Paragraph", "_text": "\u0431) \u0441\u043e\u0440\u0442\u0438\u0440\u043e\u0432\u043a\u0430 \u0428\u0435\u043b\u043b\u0430,", "_type": "Paragraph"}, {"py/object": "Sto.Paragraph.Paragraph", "_text": "\u0432) \u0431\u044b\u0441\u0442\u0440\u0430\u044f \u0441\u043e\u0440\u0442\u0438\u0440\u043e\u0432\u043a\u0430.", "_type": "Paragraph"}, {"py/object": "Sto.Paragraph.Paragraph", "_text": "\u0421\u0440\u0430\u0432\u043d\u0438\u0442\u044c \u044d\u0444\u0444\u0435\u043a\u0442\u0438\u0432\u043d\u043e\u0441\u0442\u044c \u0440\u0435\u0430\u043b\u0438\u0437\u043e\u0432\u0430\u043d\u043d\u044b\u0445 \u0430\u043b\u0433\u043e\u0440\u0438\u0442\u043c\u043e\u0432.", "_type": "Paragraph"}, {"py/object": "Sto.Paragraph.Paragraph", "_text": "\u0422\u0440\u0435\u0431\u043e\u0432\u0430\u043d\u0438\u044f \u043a \u0432\u044b\u043f\u043e\u043b\u043d\u0435\u043d\u0438\u044e \u043b\u0430\u0431\u043e\u0440\u0430\u0442\u043e\u0440\u043d\u043e\u0439 \u0440\u0430\u0431\u043e\u0442\u044b:", "_type": "Paragraph"}, {"py/object": "Sto.Paragraph.Paragraph", "_text": "1. \u0421\u0442\u0440\u043e\u0433\u043e\u0435 \u0441\u043e\u043e\u0442\u0432\u0435\u0442\u0441\u0442\u0432\u0438\u0435 \u043f\u0440\u043e\u0433\u0440\u0430\u043c\u043c\u044b \u0438 \u0440\u0435\u0437\u0443\u043b\u044c\u0442\u0430\u0442\u043e\u0432 \u0435\u0435 \u0440\u0430\u0431\u043e\u0442\u044b \u0441 \u043f\u043e\u043b\u0443\u0447\u0435\u043d\u043d\u044b\u043c \u0437\u0430\u0434\u0430\u043d\u0438\u0435\u043c.", "_type": "Paragraph"}, {"py/object": "Sto.Paragraph.Paragraph", "_text": "2. \u0421\u0430\u043c\u043e\u0441\u0442\u043e\u044f\u0442\u0435\u043b\u044c\u043d\u044b\u0435 \u0442\u0435\u0441\u0442\u0438\u0440\u043e\u0432\u0430\u043d\u0438\u0435 \u0438 \u043e\u0442\u043b\u0430\u0434\u043a\u0430 \u043f\u0440\u043e\u0433\u0440\u0430\u043c\u043c\u044b.", "_type": "Paragraph"}, {"py/object": "Sto.Paragraph.Paragraph", "_text": "3. \u0423\u0441\u0442\u043e\u0439\u0447\u0438\u0432\u043e\u0441\u0442\u044c \u0440\u0430\u0431\u043e\u0442\u044b \u043f\u0440\u043e\u0433\u0440\u0430\u043c\u043c\u044b \u043f\u0440\u0438 \u043b\u044e\u0431\u044b\u0445 \u0432\u043e\u0437\u0434\u0435\u0439\u0441\u0442\u0432\u0438\u044f\u0445, \u0437\u0430\u0434\u0430\u0432\u0430\u0435\u043c\u044b\u0445 \u043f\u043e\u043b\u044c\u0437\u043e\u0432\u0430\u0442\u0435\u043b\u0435\u043c \u0447\u0435\u0440\u0435\u0437 \u0438\u043d\u0442\u0435\u0440\u0444\u0435\u0439\u0441 \u043f\u0440\u043e\u0433\u0440\u0430\u043c\u043c\u044b.", "_type": "Paragraph"}, {"py/object": "Sto.Paragraph.Paragraph", "_text": "4. \u041f\u0440\u0435\u0434\u043e\u0441\u0442\u0430\u0432\u043b\u0435\u043d\u0438\u0435 \u0434\u0435\u043c\u043e\u043d\u0441\u0442\u0440\u0430\u0446\u0438\u043e\u043d\u043d\u043e\u0433\u043e \u043f\u0440\u0438\u043c\u0435\u0440\u0430 \u0438 \u0438\u0441\u0445\u043e\u0434\u043d\u043e\u0433\u043e \u0442\u0435\u043a\u0441\u0442\u0430 \u043f\u0440\u043e\u0433\u0440\u0430\u043c\u043c\u044b \u0434\u043b\u044f \u0437\u0430\u0449\u0438\u0442\u044b.", "_type": "Paragraph"}, {"py/object": "Sto.Paragraph.Paragraph", "_text": "5. \u041f\u0440\u0435\u0434\u043e\u0441\u0442\u0430\u0432\u043b\u0435\u043d\u0438\u0435 \u043e\u0442\u0447\u0435\u0442\u0430 \u043f\u043e \u043f\u0440\u0430\u043a\u0442\u0438\u0447\u0435\u0441\u043a\u043e\u043c\u0443 \u0437\u0430\u0434\u0430\u043d\u0438\u044e, \u0441\u043e\u0434\u0435\u0440\u0436\u0430\u0449\u0435\u0433\u043e \u043e\u043f\u0438\u0441\u0430\u043d\u0438\u0435 \u0440\u0435\u0430\u043b\u0438\u0437\u043e\u0432\u0430\u043d\u043d\u043e\u0433\u043e \u0430\u043b\u0433\u043e\u0440\u0438\u0442\u043c\u0430, \u043f\u0440\u043e\u0433\u0440\u0430\u043c\u043c\u044b, \u0440\u0435\u0437\u0443\u043b\u044c\u0442\u0430\u0442\u043e\u0432 \u0440\u0430\u0431\u043e\u0442\u044b \u043f\u0440\u043e\u0433\u0440\u0430\u043c\u043c\u044b (\u043e\u0442\u0447\u0435\u0442 \u043d\u0435\u043e\u0431\u0445\u043e\u0434\u0438\u043c\u043e \u0437\u0430\u0433\u0440\u0443\u0437\u0438\u0442\u044c \u043d\u0430 \u0441\u0430\u0439\u0442 \u043a\u0443\u0440\u0441\u0430).", "_type": "Paragraph"}], "_level": 2}], "_level": 1}, {"py/object": "Sto.Heading.Heading", "_text": "\u041e\u043f\u0438\u0441\u0430\u043d\u0438\u0435 \u0440\u0435\u0430\u043b\u0438\u0437\u043e\u0432\u0430\u043d\u043d\u043e\u0433\u043e \u0430\u043b\u0433\u043e\u0440\u0438\u0442\u043c\u0430", "_type": "Heading", "_paragraphs": [{"py/object": "Sto.Paragraph.Paragraph", "_text": "\u0420\u0435\u0430\u043b\u0438\u0437\u043e\u0432\u0430\u043d \u0430\u043b\u0433\u043e\u0440\u0438\u0442\u043c \u0448\u0435\u0439\u043a\u0435\u0440\u043d\u043e\u0439 \u0441\u043e\u0440\u0442\u0438\u0440\u043e\u0432\u043a\u0438 \u0438 \u0431\u044b\u0441\u0442\u0440\u043e\u0439 \u0441\u043e\u0440\u0442\u0438\u0440\u043e\u0432\u043a\u0438. \u041f\u043e\u0434\u0441\u0447\u0438\u0442\u044b\u0432\u0430\u0435\u0442\u0441\u044f \u0447\u0438\u0441\u043b\u043e \u0441\u0440\u0430\u0432\u043d\u0435\u043d\u0438\u0439 \u0438 \u0447\u0438\u0441\u043b\u043e \u043f\u0440\u0438\u0441\u0432\u0430\u0438\u0432\u0430\u043d\u0438\u0439. \u0420\u0435\u0430\u043b\u0438\u0437\u043e\u0432\u0430\u043d\u043e \u043d\u0430 \u044f\u0437\u044b\u043a\u0435 C# \u0438 \u043f\u043e\u0434\u0434\u0435\u0440\u0436\u0438\u0432\u0430\u0435\u0442 \u0440\u0430\u0437\u043b\u0438\u0447\u043d\u044b\u0435 \u0441\u0440\u0430\u0432\u043d\u0438\u043c\u044b\u0435 \u0442\u0438\u043f\u044b \u0434\u0430\u043d\u043d\u044b\u0445, \u0430 \u0442\u0430\u043a\u0436\u0435 \u0432\u044b\u0431\u043e\u0440 \u0432 \u043a\u0430\u043a\u043e\u043c \u043f\u043e\u0440\u044f\u0434\u043a\u0435 \u0441\u043e\u0440\u0442\u0438\u0440\u043e\u0432\u0430\u0442\u044c. \u041d\u0430\u043f\u0438\u0441\u0430\u043d\u044b \u044e\u043d\u0438\u0442-\u0442\u0435\u0441\u0442\u044b \u0434\u043b\u044f \u0440\u0430\u0437\u043b\u0438\u0447\u043d\u044b\u0445 \u0442\u0438\u043f\u043e\u0432 \u0434\u0430\u043d\u043d\u044b\u0445 \u0438\u0441\u043f\u043e\u043b\u044c\u0437\u0443\u044f \u0444\u0440\u0435\u0439\u043c\u0432\u043e\u0440\u043a NUnit.", "_type": "Paragraph"}], "_level": 1}, {"py/object": "Sto.Heading.Heading", "_text": "\u041e\u043f\u0438\u0441\u0430\u043d\u0438\u0435 \u043f\u0440\u043e\u0433\u0440\u0430\u043c\u043c\u044b (\u043b\u0438\u0441\u0442\u0438\u043d\u0433\u0438 \u043a\u043e\u0434\u0430)", "_type": "Heading", "_paragraphs": [{"py/object": "Sto.Listing.ListingDescription", "_text": "Alg_04/Alg_04.Core/AbstractSort.cs", "_type": "ListingDescription"}, {"py/object": "Sto.Listing.Listing", "_text": "using System;\nusing System.Collections.Generic;\n\nnamespace Alg_04.Core\n{\n    public abstract class AbstractSort<T>\n        where T : IComparable\n    {\n        public enum SortOrder\n        {\n            Ascending = 1,\n            Descending = -1\n        }\n\n        public int AssignmentCount { get; protected set; }\n        public int CompareCount { get; protected set; }\n\n        public SortOrder Order { get; set; } = SortOrder.Ascending;\n\n        protected int Compare(T a, T b)\n        {\n            CompareCount++;\n            return (int) Order * a.CompareTo(b);\n        }\n\n        public virtual void Sort(IList<T> list)\n        {\n            AssignmentCount = 0;\n            CompareCount = 0;\n        }\n    }\n}\n", "_type": "Listing"}, {"py/object": "Sto.Paragraph.Paragraph", "_text": "", "_type": "Paragraph"}, {"py/object": "Sto.Listing.ListingDescription", "_text": "Alg_04/Alg_04.Core/ShakerSort.cs", "_type": "ListingDescription"}, {"py/object": "Sto.Listing.Listing", "_text": "using System;\nusing System.Collections.Generic;\n\nnamespace Alg_04.Core\n{\n    public class ShakerSort<T> : AbstractSort<T>\n        where T : IComparable\n    {\n        public override void Sort(IList<T> list)\n        {\n            base.Sort(list);\n\n            var left = 0;\n\n            var right = list.Count - 1;\n            var flag = 0;\n\n            for (var i = 0; i < list.Count; i++)\n            {\n                flag = 0;\n                if (i % 2 == 0)\n                {\n                    for (var j = right; j > left; j--)\n                    {\n                        if (Compare(list[j], list[j - 1]) < 0)\n                        {\n                            AssignmentCount += 2;\n                            flag++;\n                            var temp = list[j];\n                            list[j] = list[j - 1];\n                            list[j - 1] = temp;\n                        }\n                    }\n\n                    left++;\n                    if (flag == 0)\n                    {\n                        break;\n                    }\n                }\n                else\n                {\n                    for (var j = left; j < right; j++)\n                    {\n                        if (Compare(list[j], list[j + 1]) > 0)\n                        {\n                            AssignmentCount += 2;\n                            flag++;\n                            var temp = list[j];\n                            list[j] = list[j + 1];\n                            list[j + 1] = temp;\n                        }\n                    }\n\n                    right--;\n                }\n\n                if (flag == 0)\n                {\n                    break;\n                }\n            }\n        }\n    }\n}\n", "_type": "Listing"}, {"py/object": "Sto.Paragraph.Paragraph", "_text": "", "_type": "Paragraph"}, {"py/object": "Sto.Listing.ListingDescription", "_text": "Alg_04/Alg_04.Core/FastSort.cs", "_type": "ListingDescription"}, {"py/object": "Sto.Listing.Listing", "_text": "using System;\nusing System.Collections.Generic;\n\nnamespace Alg_04.Core\n{\n    public class FastSort<T> : AbstractSort<T>\n        where T : IComparable\n    {\n        public override void Sort(IList<T> list)\n        {\n            base.Sort(list);\n            Sort(list, 0, list.Count - 1);\n        }\n\n        private void Sort(IList<T> list, int left, int right)\n        {\n            if (left >= right)\n            {\n                return;\n            }\n\n            var p = Partition(list, left, right);\n\n            var s1 = new FastSort<T> {Order = Order};\n            s1.Sort(list, left, p);\n            CompareCount += s1.CompareCount;\n            AssignmentCount += s1.AssignmentCount;\n\n            var s2 = new FastSort<T> {Order = Order};\n            s2.Sort(list, p + 1, right);\n            CompareCount += s2.CompareCount;\n            AssignmentCount += s2.AssignmentCount;\n        }\n\n        private int Partition(IList<T> list, int left, int right)\n        {\n            var temp = list[(left + right) / 2];\n\n            var i = left;\n            var j = right;\n\n            while (i <= j)\n            {\n                while (Compare(list[i], temp) < 0)\n                {\n                    i++;\n                }\n\n                while (Compare(list[j], temp) > 0)\n                {\n                    j--;\n                }\n\n                if (i >= j)\n                {\n                    break;\n                }\n\n                AssignmentCount += 2;\n                var temp1 = list[i];\n                list[i] = list[j];\n                list[j] = temp1;\n                i++;\n                j--;\n            }\n\n            return j;\n        }\n    }\n}\n", "_type": "Listing"}, {"py/object": "Sto.Paragraph.Paragraph", "_text": "", "_type": "Paragraph"}, {"py/object": "Sto.Listing.ListingDescription", "_text": "Alg_04/Alg_04.Core.Tests/TheoryGenericSortTests.cs", "_type": "ListingDescription"}, {"py/object": "Sto.Listing.Listing", "_text": "using System;\nusing System.Collections.Generic;\nusing System.Linq;\n\nusing NUnit.Framework;\n\nnamespace Alg_04.Core.Tests\n{\n    internal class Comparable : IComparable\n    {\n        private static readonly Random Random = new Random();\n        private int Value { get; } = Random.Next();\n\n        public int CompareTo(object? obj) => obj == null ? 1 : Value.CompareTo(((Comparable) obj).Value);\n    }\n\n    [TestFixture(typeof(ShakerSort<int>), typeof(int))]\n    [TestFixture(typeof(FastSort<int>), typeof(int))]\n    [TestFixture(typeof(ShakerSort<double>), typeof(double))]\n    [TestFixture(typeof(FastSort<double>), typeof(double))]\n    [TestFixture(typeof(ShakerSort<string>), typeof(string))]\n    [TestFixture(typeof(FastSort<string>), typeof(string))]\n    [TestFixture(typeof(ShakerSort<DateTime>), typeof(DateTime))]\n    [TestFixture(typeof(FastSort<DateTime>), typeof(DateTime))]\n    [TestFixture(typeof(ShakerSort<Guid>), typeof(Guid))]\n    [TestFixture(typeof(FastSort<Guid>), typeof(Guid))]\n    [TestFixture(typeof(ShakerSort<Comparable>), typeof(Comparable))]\n    [TestFixture(typeof(FastSort<Comparable>), typeof(Comparable))]\n    public class TheoryGenericSortTests<TSort, T>\n        where TSort : AbstractSort<T>, new()\n        where T : IComparable\n    {\n        private TSort Sort { get; } = new TSort();\n\n        [Datapoint]\n        private List<double> _arrayDouble1 = new List<double>(new[] {1.2, 3.4, 1.2, 3.4});\n\n        [Datapoint]\n        private List<double> _arrayDouble2 = new List<double>(new[] {5.6, 7.8, 1.2, 3.4});\n\n        [Datapoint]\n        private List<int> _arrayInt = new List<int>(new[] {0, 1, 5, 3});\n\n        [Datapoint]\n        private List<int> _arrayInt1 = new List<int>(new[] {1, 3, 4, 34, 5, 6, 2, 33, 2});\n\n        [Datapoint]\n        private List<string> _arrayString1 =\n            new List<string>(new[] {\"gj\", \"hjhk\", \"ukft\", \"re\", \"aaa\", \"zzz\", \"hj\", \"fthf\", \"abcde\"});\n\n        [Datapoint]\n        private List<string> _arrayString2 =\n            new List<string>(new[] {\"z\", \"x\", \"c\"});\n\n        [Datapoint]\n        private List<DateTime> _arrayDateTime1 =\n            new List<DateTime>(new[] {DateTime.Now, DateTime.Today, DateTime.MaxValue});\n\n        [Datapoint]\n        private List<DateTime> _arrayDateTime2 =\n            new List<DateTime>(new[]\n            {\n                new DateTime(123, DateTimeKind.Utc),\n                new DateTime(214324, DateTimeKind.Utc),\n                new DateTime(325235235235, DateTimeKind.Utc),\n                new DateTime(433344, DateTimeKind.Utc),\n                new DateTime(0, DateTimeKind.Utc)\n            });\n\n        [Datapoint]\n        private List<DateTime> _arrayDateTime3 =\n            new List<DateTime>(new[]\n            {\n                DateTime.Now,\n                new DateTime(2020, 05, 14),\n                new DateTime(2025, 05, 14)\n            });\n\n        [Datapoint]\n        private List<Guid> _listGuid1 = new List<Guid>(new[]\n        {\n            Guid.NewGuid(), Guid.NewGuid(), Guid.NewGuid(), Guid.NewGuid(), Guid.NewGuid()\n        });\n\n        [Datapoint]\n        private List<Comparable> _listComparable1 =\n            new List<Comparable>(Enumerable.Range(0, 100)\n                .Select(p => new Comparable())\n            );\n\n        [Theory]\n        public void ListSortTest(List<T> list)\n        {\n            Sort.Sort(list);\n            Assert.That(list.OrderByDescending(p => p).SequenceEqual(list), Is.False);\n            Assert.That(list.OrderBy(p => p).SequenceEqual(list), Is.True);\n        }\n\n        [Theory]\n        public void ListSortTestDescending(List<T> list)\n        {\n            Sort.Order = AbstractSort<T>.SortOrder.Descending;\n            Sort.Sort(list);\n            Assert.That(list.OrderByDescending(p => p).SequenceEqual(list), Is.True);\n            Assert.That(list.OrderBy(p => p).SequenceEqual(list), Is.False);\n        }\n    }\n}\n", "_type": "Listing"}, {"py/object": "Sto.Paragraph.Paragraph", "_text": "", "_type": "Paragraph"}, {"py/object": "Sto.Listing.ListingDescription", "_text": "Alg_04/Alg_04.Console/Program.cs", "_type": "ListingDescription"}, {"py/object": "Sto.Listing.Listing", "_text": "using System;\nusing System.Collections.Generic;\nusing System.Linq;\nusing System.Text;\n\nusing Alg_04.Core;\n\nnamespace Alg_04.Console\n{\n    public class Program\n    {\n        private static void SortAndOut(AbstractSort<int> sort, IList<int> ar)\n        {\n            sort.Sort(ar);\n            System.Console.WriteLine(String.Join(\" \", ar));\n            System.Console.WriteLine(\n                $\"\u041a\u043e\u043b-\u0432\u043e \u0441\u0440\u0430\u0432\u043d\u0435\u043d\u0438\u0439: {sort.CompareCount}, \u043f\u0440\u0438\u0441\u0432\u0430\u0438\u0432\u0430\u043d\u0438\u0439: {sort.AssignmentCount}\");\n        }\n\n        public static void Main(string[] args)\n        {\n            System.Console.InputEncoding = Encoding.UTF8;\n            System.Console.OutputEncoding = Encoding.UTF8;\n\n            while (true)\n            {\n                try\n                {\n                    System.Console.WriteLine(\"\u0412\u0432\u0435\u0434\u0438\u0442\u0435 \u044d\u043b\u0435\u043c\u0435\u043d\u0442\u044b \u0447\u0435\u0440\u0435\u0437 \u043f\u0440\u043e\u0431\u0435\u043b: \");\n                    var a = System.Console.ReadLine()\n                        .Split(new[] {\" \"}, StringSplitOptions.RemoveEmptyEntries)\n                        .Select(Int32.Parse)\n                        .ToList();\n                    var b = a.ToList();\n\n                    var s1 = new ShakerSort<int>();\n                    var s2 = new FastSort<int>();\n\n                    System.Console.WriteLine(\"\u041f\u043e \u0432\u043e\u0437\u0440\u0430\u0441\u0442\u0430\u043d\u0438\u044e? [Y(\u0414)/n(\u043d)]: \");\n                    var ans = System.Console.ReadLine();\n                    if (ans != \"\" && ans != \"Y\" && ans != \"\u0414\")\n                    {\n                        s1.Order = AbstractSort<int>.SortOrder.Descending;\n                        s2.Order = AbstractSort<int>.SortOrder.Descending;\n                    }\n\n                    System.Console.WriteLine(\"\u0428\u0435\u0439\u043a\u0435\u0440\u043d\u0430\u044f \u0441\u043e\u0440\u0442\u0438\u0440\u0432\u043a\u0430: \");\n                    SortAndOut(s1, a);\n\n                    System.Console.WriteLine(\"\u0411\u044b\u0441\u0442\u0440\u0430\u044f \u0441\u043e\u0440\u0442\u0438\u0440\u043e\u0432\u043a\u0430: \");\n                    SortAndOut(s2, b);\n\n                    System.Console.ReadKey();\n\n                    break;\n                }\n                catch (Exception e)\n                {\n                    System.Console.Error.WriteLine($\"\u041e\u0448\u0438\u0431\u043a\u0430: {e.Message}\\n\");\n                }\n            }\n        }\n    }\n}\n", "_type": "Listing"}, {"py/object": "Sto.Paragraph.Paragraph", "_text": "", "_type": "Paragraph"}], "_level": 1}, {"py/object": "Sto.Heading.Heading", "_text": "\u0420\u0435\u0437\u0443\u043b\u044c\u0442\u0430\u0442\u044b \u0440\u0430\u0431\u043e\u0442\u044b \u043f\u0440\u043e\u0433\u0440\u0430\u043c\u043c\u044b", "_type": "Heading", "_paragraphs": [{"py/object": "Sto.Picture.Picture", "_text": "pic1.png", "_type": "Picture"}, {"py/object": "Sto.Picture.PictureDescription", "_text": "\u0417\u0430\u043f\u0443\u0441\u043a \u043f\u0440\u043e\u0433\u0440\u0430\u043c\u043c\u044b", "_type": "PictureDescription"}, {"py/object": "Sto.Paragraph.Paragraph", "_text": "", "_type": "Paragraph"}, {"py/object": "Sto.Picture.Picture", "_text": "pic2.png", "_type": "Picture"}, {"py/object": "Sto.Picture.PictureDescription", "_text": "\u0420\u0438\u0441\u0443\u043d\u043e\u043a 2 \u2013 \u0417\u0430\u043f\u0443\u0441\u043a \u0442\u0435\u0441\u0442\u043e\u0432", "_type": "PictureDescription"}, {"py/object": "Sto.Paragraph.Paragraph", "_text": "", "_type": "Paragraph"}], "_level": 1}], "_resources_list": {"py/object": "Sto.ResourcesList.ResourcesList", "_text": "", "_type": "ResourcesList", "_paragraphs": []}, "_attachments": []}