{"py/object": "Sto.StoDocument.StoDocument", "_title_page": {"py/object": "Sto.Title.TitlePage", "_paragraphs": [{"py/object": "Sto.Title.ForHelpTitlePageCenter", "_text": "\u0424\u0435\u0434\u0435\u0440\u0430\u043b\u044c\u043d\u043e\u0435 \u0433\u043e\u0441\u0443\u0434\u0430\u0440\u0441\u0442\u0432\u0435\u043d\u043d\u043e\u0435 \u0430\u0432\u0442\u043e\u043d\u043e\u043c\u043d\u043e\u0435", "_type": "TypeForHelpTitlePageCenter"}, {"py/object": "Sto.Title.ForHelpTitlePageCenter", "_text": "\u043e\u0431\u0440\u0430\u0437\u043e\u0432\u0430\u0442\u0435\u043b\u044c\u043d\u043e\u0435 \u0443\u0447\u0440\u0435\u0436\u0434\u0435\u043d\u0438\u0435", "_type": "TypeForHelpTitlePageCenter"}, {"py/object": "Sto.Title.ForHelpTitlePageCenter", "_text": "\u0432\u044b\u0441\u0448\u0435\u0433\u043e \u043e\u0431\u0440\u0430\u0437\u043e\u0432\u0430\u043d\u0438\u044f", "_type": "TypeForHelpTitlePageCenter"}, {"py/object": "Sto.Title.ForHelpTitlePageCenter", "_text": "\u00ab\u0421\u0418\u0411\u0418\u0420\u0421\u041a\u0418\u0419 \u0424\u0415\u0414\u0415\u0420\u0410\u041b\u042c\u041d\u042b\u0419 \u0423\u041d\u0418\u0412\u0415\u0420\u0421\u0418\u0422\u0415\u0422\u00bb", "_type": "TypeForHelpTitlePageCenter"}, {"py/object": "Sto.Title.ForHelpTitlePageCenter", "_text": "", "_type": "TypeForHelpTitlePageCenter"}, {"py/object": "Sto.Title.DepartmentAndSubject", "_text": "\u0418\u043d\u0441\u0442\u0438\u0442\u0443\u0442 \u041a\u043e\u0441\u043c\u0438\u0447\u0435\u0441\u043a\u0438\u0445 \u0438 \u0438\u043d\u0444\u043e\u0440\u043c\u0430\u0446\u0438\u043e\u043d\u043d\u044b\u0445 \u0442\u0435\u0445\u043d\u043e\u043b\u043e\u0433\u0438\u0439", "_type": "DepartmentAndSubject"}, {"py/object": "Sto.Title.Subscript", "_text": "\u0438\u043d\u0441\u0442\u0438\u0442\u0443\u0442", "_type": "Subscript"}, {"py/object": "Sto.Title.DepartmentAndSubject", "_text": "\u041a\u0430\u0444\u0435\u0434\u0440\u0430 \u00ab\u0418\u043d\u0444\u043e\u0440\u043c\u0430\u0442\u0438\u043a\u0430\u00bb", "_type": "DepartmentAndSubject"}, {"py/object": "Sto.Title.Subscript", "_text": "\u043a\u0430\u0444\u0435\u0434\u0440\u0430", "_type": "Subscript"}, {"py/object": "Sto.Title.ForHelpTitlePageCenter", "_text": "", "_type": "TypeForHelpTitlePageCenter"}, {"py/object": "Sto.Title.ForHelpTitlePageCenter", "_text": "", "_type": "TypeForHelpTitlePageCenter"}, {"py/object": "Sto.Title.ForHelpTitlePageCenter", "_text": "", "_type": "TypeForHelpTitlePageCenter"}, {"py/object": "Sto.Title.ForHelpTitlePageCenter", "_text": "", "_type": "TypeForHelpTitlePageCenter"}, {"py/object": "Sto.Title.ForHelpTitlePageCenter", "_text": "", "_type": "TypeForHelpTitlePageCenter"}, {"py/object": "Sto.Title.ForHelpTitlePageCenter", "_text": "", "_type": "TypeForHelpTitlePageCenter"}, {"py/object": "Sto.Title.ForHelpTitlePageCenter", "_text": "", "_type": "TypeForHelpTitlePageCenter"}, {"py/object": "Sto.Title.ForHelpTitlePageCenter", "_text": "", "_type": "TypeForHelpTitlePageCenter"}, {"py/object": "Sto.Title.ForHelpTitlePageCenter", "_text": "", "_type": "TypeForHelpTitlePageCenter"}, {"py/object": "Sto.Title.ForHelpTitlePageCenter", "_text": "", "_type": "TypeForHelpTitlePageCenter"}, {"py/object": "Sto.Title.JobTitle", "_text": "\u041e\u0422\u0427\u0415\u0422 \u041e \u041f\u0420\u0410\u041a\u0422\u0418\u0427\u0415\u0421\u041a\u041e\u0419 \u0420\u0410\u0411\u041e\u0422\u0415", "_type": "JobTitle"}, {"py/object": "Sto.Title.ForHelpTitlePageCenter", "_text": "", "_type": "TypeForHelpTitlePageCenter"}, {"py/object": "Sto.Title.DepartmentAndSubject", "_text": "\u0417\u0430\u0434\u0430\u043d\u0438\u0435 6 - \u041e\u0431\u0445\u043e\u0434 \u0433\u0440\u0430\u0444\u043e\u0432", "_type": "DepartmentAndSubject"}, {"py/object": "Sto.Title.Subscript", "_text": "\u0442\u0435\u043c\u0430", "_type": "Subscript"}, {"py/object": "Sto.Title.ForHelpTitlePageCenter", "_text": "", "_type": "TypeForHelpTitlePageCenter"}, {"py/object": "Sto.Title.ForHelpTitlePageCenter", "_text": "", "_type": "TypeForHelpTitlePageCenter"}, {"py/object": "Sto.Title.ForHelpTitlePageCenter", "_text": "", "_type": "TypeForHelpTitlePageCenter"}, {"py/object": "Sto.Title.ForHelpTitlePageCenter", "_text": "", "_type": "TypeForHelpTitlePageCenter"}, {"py/object": "Sto.Title.ForHelpTitlePageCenter", "_text": "", "_type": "TypeForHelpTitlePageCenter"}, {"py/object": "Sto.Title.ForHelpTitlePageCenter", "_text": "", "_type": "TypeForHelpTitlePageCenter"}, {"py/object": "Sto.Title.ForHelpTitlePageCenter", "_text": "", "_type": "TypeForHelpTitlePageCenter"}, {"py/object": "Sto.Title.ForHelpTitlePageCenter", "_text": "", "_type": "TypeForHelpTitlePageCenter"}, {"py/object": "Sto.Title.ForHelpTitlePageCenter", "_text": "", "_type": "TypeForHelpTitlePageCenter"}, {"py/object": "Sto.Title.TeacherAndStudent", "_text": "\u0442\u0430\u0431\u043b\u0438\u0446\u0430", "_type": "TeacherAndStudent", "_table": ["\u041f\u0440\u0435\u043f\u043e\u0434\u0430\u0432\u0430\u0442\u0435\u043b\u044c", " ", "\u0420.\u042e. \u0426\u0430\u0440\u0435\u0432", " ", "\u043f\u043e\u0434\u043f\u0438\u0441\u044c, \u0434\u0430\u0442\u0430", "\u0438\u043d\u0438\u0446\u0438\u0430\u043b\u044b, \u0444\u0430\u043c\u0438\u043b\u0438\u044f", "\u0421\u0442\u0443\u0434\u0435\u043d\u0442 \u041a\u041818-17/1\u0431  031831229", " ", "\u0412.\u0410. \u041f\u0440\u0435\u043a\u0435\u043b\u044c", "\u043d\u043e\u043c\u0435\u0440 \u0433\u0440\u0443\u043f\u043f\u044b, \u0437\u0430\u0447\u0435\u0442\u043d\u043e\u0439 \u043a\u043d\u0438\u0436\u043a\u0438", "\u043f\u043e\u0434\u043f\u0438\u0441\u044c, \u0434\u0430\u0442\u0430", "\u0438\u043d\u0438\u0446\u0438\u0430\u043b\u044b, \u0444\u0430\u043c\u0438\u043b\u0438\u044f"]}, {"py/object": "Sto.Title.ForHelpTitlePageCenter", "_text": "", "_type": "TypeForHelpTitlePageCenter"}, {"py/object": "Sto.Title.ForHelpTitlePageCenter", "_text": "", "_type": "TypeForHelpTitlePageCenter"}, {"py/object": "Sto.Title.ForHelpTitlePageCenter", "_text": "", "_type": "TypeForHelpTitlePageCenter"}, {"py/object": "Sto.Title.ForHelpTitlePageCenter", "_text": "", "_type": "TypeForHelpTitlePageCenter"}, {"py/object": "Sto.Title.ForHelpTitlePageCenter", "_text": "", "_type": "TypeForHelpTitlePageCenter"}, {"py/object": "Sto.Title.ForHelpTitlePageCenter", "_text": "", "_type": "TypeForHelpTitlePageCenter"}, {"py/object": "Sto.Title.ForHelpTitlePageCenter", "_text": "", "_type": "TypeForHelpTitlePageCenter"}, {"py/object": "Sto.Title.ForHelpTitlePageCenter", "_text": "", "_type": "TypeForHelpTitlePageCenter"}, {"py/object": "Sto.Title.ForHelpTitlePageCenter", "_text": "", "_type": "TypeForHelpTitlePageCenter"}, {"py/object": "Sto.Title.ForHelpTitlePageCenter", "_text": "\u041a\u0440\u0430\u0441\u043d\u043e\u044f\u0440\u0441\u043a 2020", "_type": "TypeForHelpTitlePageCenter"}]}, "_headings": [{"py/object": "Sto.Heading.Heading", "_text": "\u0426\u0435\u043b\u044c \u0440\u0430\u0431\u043e\u0442\u044b \u0441 \u043f\u043e\u0441\u0442\u0430\u043d\u043e\u0432\u043a\u043e\u0439 \u0437\u0430\u0434\u0430\u0447\u0438", "_type": "Heading", "_paragraphs": [{"py/object": "Sto.Heading.Heading", "_text": "\u0426\u0435\u043b\u044c \u0440\u0430\u0431\u043e\u0442\u044b", "_type": "Heading", "_paragraphs": [{"py/object": "Sto.Paragraph.Paragraph", "_text": "\u0420\u0435\u0430\u043b\u0438\u0437\u043e\u0432\u0430\u0442\u044c \u043e\u0434\u0438\u043d \u0438\u0437 \u0430\u043b\u0433\u043e\u0440\u0438\u0442\u043c\u043e\u0432 \u043e\u0431\u0445\u043e\u0434\u0430 \u0433\u0440\u0430\u0444\u0430: \u043e\u0431\u0445\u043e\u0434 \u0432 \u0433\u043b\u0443\u0431\u0438\u043d\u0443 \u0438\u043b\u0438 \u043e\u0431\u0445\u043e\u0434 \u0432 \u0448\u0438\u0440\u0438\u043d\u0443 (\u043f\u043e \u0432\u044b\u0431\u043e\u0440\u0443 \u0441\u0442\u0443\u0434\u0435\u043d\u0442\u0430).", "_type": "Paragraph"}, {"py/object": "Sto.Paragraph.Paragraph", "_text": "\u041f\u0440\u043e\u0433\u0440\u0430\u043c\u043c\u0430 \u0434\u043e\u043b\u0436\u043d\u0430 \u043d\u0430\u0433\u043b\u044f\u0434\u043d\u043e \u043e\u0442\u043e\u0431\u0440\u0430\u0436\u0430\u0442\u044c \u0440\u0430\u0431\u043e\u0442\u044b \u0430\u043b\u0433\u043e\u0440\u0438\u0442\u043c\u0430.", "_type": "Paragraph"}], "_level": 2}, {"py/object": "Sto.Heading.Heading", "_text": "\u0417\u0430\u0434\u0430\u0447\u0430 \u0440\u0430\u0431\u043e\u0442\u044b", "_type": "Heading", "_paragraphs": [{"py/object": "Sto.Paragraph.Paragraph", "_text": "\u0422\u0440\u0435\u0431\u043e\u0432\u0430\u043d\u0438\u044f \u043a \u0432\u044b\u043f\u043e\u043b\u043d\u0435\u043d\u0438\u044e \u043b\u0430\u0431\u043e\u0440\u0430\u0442\u043e\u0440\u043d\u043e\u0439 \u0440\u0430\u0431\u043e\u0442\u044b:", "_type": "Paragraph"}, {"py/object": "Sto.Paragraph.Paragraph", "_text": "1. \u0421\u0430\u043c\u043e\u0441\u0442\u043e\u044f\u0442\u0435\u043b\u044c\u043d\u044b\u0435 \u0440\u0430\u0437\u0440\u0430\u0431\u043e\u0442\u043a\u0430, \u0442\u0435\u0441\u0442\u0438\u0440\u043e\u0432\u0430\u043d\u0438\u0435 \u0438 \u043e\u0442\u043b\u0430\u0434\u043a\u0430 \u043f\u0440\u043e\u0433\u0440\u0430\u043c\u043c\u044b.", "_type": "Paragraph"}, {"py/object": "Sto.Paragraph.Paragraph", "_text": "2. \u0421\u0442\u0440\u043e\u0433\u043e\u0435 \u0441\u043e\u043e\u0442\u0432\u0435\u0442\u0441\u0442\u0432\u0438\u0435 \u043f\u0440\u043e\u0433\u0440\u0430\u043c\u043c\u044b \u0438 \u0440\u0435\u0437\u0443\u043b\u044c\u0442\u0430\u0442\u043e\u0432 \u0435\u0435 \u0440\u0430\u0431\u043e\u0442\u044b \u0441 \u043f\u043e\u043b\u0443\u0447\u0435\u043d\u043d\u044b\u043c \u0437\u0430\u0434\u0430\u043d\u0438\u0435\u043c.", "_type": "Paragraph"}, {"py/object": "Sto.Paragraph.Paragraph", "_text": "3. \u0423\u0441\u0442\u043e\u0439\u0447\u0438\u0432\u043e\u0441\u0442\u044c \u0440\u0430\u0431\u043e\u0442\u044b \u043f\u0440\u043e\u0433\u0440\u0430\u043c\u043c\u044b \u043f\u0440\u0438 \u043b\u044e\u0431\u044b\u0445 \u0432\u043e\u0437\u0434\u0435\u0439\u0441\u0442\u0432\u0438\u044f\u0445, \u0437\u0430\u0434\u0430\u0432\u0430\u0435\u043c\u044b\u0445 \u043f\u043e\u043b\u044c\u0437\u043e\u0432\u0430\u0442\u0435\u043b\u0435\u043c \u0447\u0435\u0440\u0435\u0437 \u0438\u043d\u0442\u0435\u0440\u0444\u0435\u0439\u0441 \u043f\u0440\u043e\u0433\u0440\u0430\u043c\u043c\u044b.", "_type": "Paragraph"}, {"py/object": "Sto.Paragraph.Paragraph", "_text": "4. \u041f\u0440\u0435\u0434\u043e\u0441\u0442\u0430\u0432\u043b\u0435\u043d\u0438\u0435 \u0434\u0435\u043c\u043e\u043d\u0441\u0442\u0440\u0430\u0446\u0438\u043e\u043d\u043d\u044b\u0445 \u043f\u0440\u0438\u043c\u0435\u0440\u043e\u0432 \u0438 \u0438\u0441\u0445\u043e\u0434\u043d\u043e\u0433\u043e \u0442\u0435\u043a\u0441\u0442\u0430 \u043f\u0440\u043e\u0433\u0440\u0430\u043c\u043c\u044b \u0434\u043b\u044f \u0437\u0430\u0449\u0438\u0442\u044b.", "_type": "Paragraph"}, {"py/object": "Sto.Paragraph.Paragraph", "_text": "5. \u041f\u0440\u0435\u0434\u043e\u0441\u0442\u0430\u0432\u043b\u0435\u043d\u0438\u0435 \u043e\u0442\u0447\u0435\u0442\u0430 \u043f\u043e \u043b\u0430\u0431\u043e\u0440\u0430\u0442\u043e\u0440\u043d\u043e\u0439 \u0440\u0430\u0431\u043e\u0442\u0435, \u0441\u043e\u0434\u0435\u0440\u0436\u0430\u0449\u0435\u0433\u043e \u043e\u043f\u0438\u0441\u0430\u043d\u0438\u0435 \u0440\u0435\u0430\u043b\u0438\u0437\u043e\u0432\u0430\u043d\u043d\u043e\u0433\u043e \u0430\u043b\u0433\u043e\u0440\u0438\u0442\u043c\u0430, \u043f\u0440\u043e\u0433\u0440\u0430\u043c\u043c\u044b, \u0440\u0435\u0437\u0443\u043b\u044c\u0442\u0430\u0442\u043e\u0432 \u0440\u0430\u0431\u043e\u0442\u044b \u043f\u0440\u043e\u0433\u0440\u0430\u043c\u043c\u044b.", "_type": "Paragraph"}, {"py/object": "Sto.Paragraph.Paragraph", "_text": "\u0423\u0441\u043b\u043e\u0432\u0438\u044f \u0441\u0434\u0430\u0447\u0438 \u043b\u0430\u0431\u043e\u0440\u0430\u0442\u043e\u0440\u043d\u043e\u0439 \u0440\u0430\u0431\u043e\u0442\u044b:", "_type": "Paragraph"}, {"py/object": "Sto.Paragraph.Paragraph", "_text": "- \u0417\u043d\u0430\u043d\u0438\u0435 \u0442\u0435\u043e\u0440\u0438\u0438 \u043f\u043e \u0441\u0434\u0430\u0432\u0430\u0435\u043c\u043e\u043c\u0443 \u0430\u043b\u0433\u043e\u0440\u0438\u0442\u043c\u0443.", "_type": "Paragraph"}, {"py/object": "Sto.Paragraph.Paragraph", "_text": "- \u0423\u043c\u0435\u043d\u0438\u0435 \u043e\u0431\u044a\u044f\u0441\u043d\u0438\u0442\u044c \u043f\u043e\u043b\u0443\u0447\u0435\u043d\u043d\u044b\u0435 \u0440\u0435\u0437\u0443\u043b\u044c\u0442\u0430\u0442\u044b.", "_type": "Paragraph"}, {"py/object": "Sto.Paragraph.Paragraph", "_text": "- \u0421\u043f\u043e\u0441\u043e\u0431\u043d\u043e\u0441\u0442\u044c \u0431\u044b\u0441\u0442\u0440\u043e \u043f\u0440\u043e\u0434\u0435\u043c\u043e\u043d\u0441\u0442\u0440\u0438\u0440\u043e\u0432\u0430\u0442\u044c \u043d\u0430 \u043a\u043e\u043c\u043f\u044c\u044e\u0442\u0435\u0440\u0435 \u0432\u043b\u0430\u0434\u0435\u043d\u0438\u0435 \u043f\u0440\u0435\u0434\u043c\u0435\u0442\u043d\u043e\u0439 \u043e\u0431\u043b\u0430\u0441\u0442\u044c\u044e.", "_type": "Paragraph"}], "_level": 2}], "_level": 1}, {"py/object": "Sto.Heading.Heading", "_text": "\u041e\u043f\u0438\u0441\u0430\u043d\u0438\u0435 \u0440\u0435\u0430\u043b\u0438\u0437\u043e\u0432\u0430\u043d\u043d\u043e\u0433\u043e \u0430\u043b\u0433\u043e\u0440\u0438\u0442\u043c\u0430", "_type": "Heading", "_paragraphs": [{"py/object": "Sto.Paragraph.Paragraph", "_text": "\u0420\u0435\u0430\u043b\u0438\u0437\u043e\u0432\u0430\u043d \u0430\u043b\u0433\u043e\u0440\u0438\u0442\u043c \u043f\u043e\u0438\u0441\u043a\u0430 \u0432 \u0433\u043b\u0443\u0431\u0438\u043d\u0443 \u0438 \u0448\u0438\u0440\u0438\u043d\u0443. \u041f\u0440\u043e\u0433\u0440\u0430\u043c\u043c\u0430 \u0432\u044b\u0432\u043e\u0434\u0438\u0442 \u0432\u0435\u0440\u0448\u0438\u043d\u044b, \u0432 \u043a\u0430\u043a\u043e\u043c \u043f\u043e\u0440\u044f\u0434\u043a\u0435 \u043f\u0440\u0440\u043e\u0448\u0451\u043b \u043f\u043e\u0438\u0441\u043a. \u0420\u0435\u0430\u043b\u0438\u0437\u043e\u0432\u0430\u043d\u043e \u043d\u0430 \u044f\u0437\u044b\u043a\u0435 C#. \u041d\u0430\u043f\u0438\u0441\u0430\u043d\u044b \u044e\u043d\u0438\u0442-\u0442\u0435\u0441\u0442\u044b \u0434\u043b\u044f \u0440\u0430\u0437\u043b\u0438\u0447\u043d\u044b\u0445 \u0442\u0438\u043f\u043e\u0432 \u0434\u0430\u043d\u043d\u044b\u0445 \u0438\u0441\u043f\u043e\u043b\u044c\u0437\u0443\u044f \u0444\u0440\u0435\u0439\u043c\u0432\u043e\u0440\u043a NUnit.", "_type": "Paragraph"}], "_level": 1}, {"py/object": "Sto.Heading.Heading", "_text": "\u041e\u043f\u0438\u0441\u0430\u043d\u0438\u0435 \u043f\u0440\u043e\u0433\u0440\u0430\u043c\u043c\u044b (\u043b\u0438\u0441\u0442\u0438\u043d\u0433\u0438 \u043a\u043e\u0434\u0430)", "_type": "Heading", "_paragraphs": [{"py/object": "Sto.Listing.ListingDescription", "_text": "Alg_06/Alg_06.Core/Edges.cs", "_type": "ListingDescription"}, {"py/object": "Sto.Listing.Listing", "_text": "using System;\nusing System.Collections.Generic;\n\nnamespace Alg_06.Core\n{\n    public class Edges<T> : SortedSet<Edge<T>>\n        where T : IComparable\n    {\n        public override string ToString() => String.Join(\"; \", this);\n    }\n}\n", "_type": "Listing"}, {"py/object": "Sto.Paragraph.Paragraph", "_text": "", "_type": "Paragraph"}, {"py/object": "Sto.Listing.ListingDescription", "_text": "Alg_06/Alg_06.Core/Vertex.cs", "_type": "ListingDescription"}, {"py/object": "Sto.Listing.Listing", "_text": "using System;\n\nnamespace Alg_06.Core\n{\n    public class Vertex<T> : Edges<T>, IComparable, IEquatable<Vertex<T>>\n        where T : IComparable\n    {\n        public Vertex(T value) => Value = value;\n\n        public T Value { get; }\n\n        public int CompareTo(object obj)\n        {\n            var v = (Vertex<T>) obj;\n\n            return Value.CompareTo(v.Value);\n        }\n\n        public bool Equals(Vertex<T>? other)\n        {\n            if (ReferenceEquals(null, other))\n            {\n                return false;\n            }\n\n            if (ReferenceEquals(this, other))\n            {\n                return true;\n            }\n\n            return Value.CompareTo(other.Value) == 0;\n        }\n\n        public override string ToString() => $\"{Value}\";\n\n        public override bool Equals(object? obj)\n        {\n            if (ReferenceEquals(null, obj))\n            {\n                return false;\n            }\n\n            if (ReferenceEquals(this, obj))\n            {\n                return true;\n            }\n\n            if (obj.GetType() != GetType())\n            {\n                return false;\n            }\n\n            return Equals((Vertex<T>) obj);\n        }\n\n        public override int GetHashCode() => Value.GetHashCode();\n\n        public static bool operator ==(Vertex<T>? left, Vertex<T>? right) => Equals(left, right);\n\n        public static bool operator !=(Vertex<T>? left, Vertex<T>? right) => !Equals(left, right);\n    }\n}\n", "_type": "Listing"}, {"py/object": "Sto.Paragraph.Paragraph", "_text": "", "_type": "Paragraph"}, {"py/object": "Sto.Listing.ListingDescription", "_text": "Alg_06/Alg_06.Core/Vertices.cs", "_type": "ListingDescription"}, {"py/object": "Sto.Listing.Listing", "_text": "using System;\nusing System.Collections.Generic;\n\nnamespace Alg_06.Core\n{\n    public class Vertices<T> : SortedDictionary<T, Vertex<T>>\n        where T : IComparable\n    {\n        public override string ToString() => String.Join(\"; \", Values);\n    }\n}\n", "_type": "Listing"}, {"py/object": "Sto.Paragraph.Paragraph", "_text": "", "_type": "Paragraph"}, {"py/object": "Sto.Listing.ListingDescription", "_text": "Alg_06/Alg_06.Core/Edge.cs", "_type": "ListingDescription"}, {"py/object": "Sto.Listing.Listing", "_text": "using System;\n\nnamespace Alg_06.Core\n{\n    public class Edge<T> : Tuple<Vertex<T>, Vertex<T>>, IComparable, IEquatable<Edge<T>>\n        where T : IComparable\n    {\n        public Edge(Vertex<T> item1, Vertex<T> item2) : base(item1, item2)\n        {\n        }\n\n\n        public Vertex<T> LessVertex => Item1.CompareTo(Item2) > 0 ? Item2 : Item1;\n        public Vertex<T> GreatVertex => Item1.CompareTo(Item2) > 0 ? Item1 : Item2;\n\n        public int CompareTo(object obj)\n        {\n            var e = (Edge<T>) obj;\n\n            var c1 = LessVertex.CompareTo(e.LessVertex);\n            var c2 = GreatVertex.CompareTo(e.GreatVertex);\n\n            return c1 == 0 ? c2 : c1;\n        }\n\n        public bool Equals(Edge<T>? other) =>\n            other != null && LessVertex.Equals(other.LessVertex) && GreatVertex.Equals(other.GreatVertex);\n\n        public bool HasVertex(Vertex<T> v) => Item1 == v || Item2 == v;\n\n        public Vertex<T>? OtherVertex(Vertex<T> v) => v == Item1 ? Item2 : v == Item2 ? Item1 : null;\n\n        public override string ToString() => $\"{Item1} - {Item2}\";\n\n        public override bool Equals(object? obj)\n        {\n            if (ReferenceEquals(null, obj))\n            {\n                return false;\n            }\n\n            if (ReferenceEquals(this, obj))\n            {\n                return true;\n            }\n\n            if (obj.GetType() != GetType())\n            {\n                return false;\n            }\n\n            return Equals((Edge<T>) obj);\n        }\n\n        public override int GetHashCode() => base.GetHashCode();\n\n        public static bool operator ==(Edge<T>? left, Edge<T>? right) => Equals(left, right);\n\n        public static bool operator !=(Edge<T>? left, Edge<T>? right) => !Equals(left, right);\n    }\n}\n", "_type": "Listing"}, {"py/object": "Sto.Paragraph.Paragraph", "_text": "", "_type": "Paragraph"}, {"py/object": "Sto.Listing.ListingDescription", "_text": "Alg_06/Alg_06.Core/Graph.cs", "_type": "ListingDescription"}, {"py/object": "Sto.Listing.Listing", "_text": "using System;\nusing System.Collections.Generic;\nusing System.Linq;\n\nnamespace Alg_06.Core\n{\n    public class Graph<T> : Tuple<Vertices<T>, Edges<T>>\n        where T : IComparable\n    {\n        public Graph() : base(new Vertices<T>(), new Edges<T>())\n        {\n        }\n\n        public Vertices<T> V => Item1;\n        public Edges<T> E => Item2;\n\n        public Vertex<T> AddVertex(T value)\n        {\n            V[value] = new Vertex<T>(value);\n            return V[value];\n        }\n\n        public void RemoveVertex(T value)\n        {\n            E.RemoveWhere(e => e.HasVertex(V[value]));\n            V.Remove(value);\n        }\n\n        public void RemoveVertex(Vertex<T> v)\n        {\n            E.RemoveWhere(e => e.HasVertex(v));\n            V.Remove(v.Value);\n        }\n\n        public void RemoveEdge(Edge<T> e)\n        {\n            V[e.Item1.Value].RemoveWhere(ed => ed.CompareTo(e) == 0);\n            V[e.Item2.Value].RemoveWhere(ed => ed.CompareTo(e) == 0);\n            E.RemoveWhere(ed => ed.CompareTo(e) == 0);\n        }\n\n        public void RemoveEdge(T value1, T value2)\n        {\n            var v1 = V[value1];\n            var v2 = V[value2];\n            v1.RemoveWhere(ed => ed.HasVertex(v1) && ed.HasVertex(v2));\n            v2.RemoveWhere(ed => ed.HasVertex(v1) && ed.HasVertex(v2));\n            E.RemoveWhere(ed => ed.HasVertex(v1) && ed.HasVertex(v2));\n        }\n\n        public Edge<T> AddEdge(T value1, T value2) => AddEdge(V[value1], V[value2]);\n\n        public Edge<T> AddEdge(Vertex<T> v1, Vertex<T> v2)\n        {\n            var e = new Edge<T>(v1, v2);\n            E.Add(e);\n            v1.Add(e);\n            v2.Add(e);\n            return e;\n        }\n\n        public void Dfs(T value, Action<Vertex<T>> action) => Dfs(V[value], action);\n\n        public void Dfs(Vertex<T> v, Action<Vertex<T>> action) =>\n            Dfs(v, action, new SortedDictionary<Vertex<T>, bool>());\n\n        private static void Dfs(Vertex<T> v, Action<Vertex<T>> action, IDictionary<Vertex<T>, bool> visited)\n        {\n            visited[v] = true;\n            action.Invoke(v);\n            foreach (var next in UnvisitedVertices(v, visited))\n            {\n                Dfs(next, action, visited);\n            }\n        }\n\n        public void Bfs(T value, Action<Vertex<T>> action) => Bfs(V[value], action);\n\n        public void Bfs(Vertex<T> v, Action<Vertex<T>> action) =>\n            Bfs(v, action, new SortedDictionary<Vertex<T>, bool>());\n\n        private static void Bfs(Vertex<T> v, Action<Vertex<T>> action, IDictionary<Vertex<T>, bool> visited)\n        {\n            var queue = new Queue<Vertex<T>>();\n            visited[v] = true;\n            queue.Enqueue(v);\n            while (queue.Count > 0)\n            {\n                var cv = queue.Dequeue();\n                action.Invoke(cv);\n                foreach (var next in UnvisitedVertices(cv, visited))\n                {\n                    visited[next] = true;\n                    queue.Enqueue(next);\n                }\n            }\n        }\n\n        private static IEnumerable<Vertex<T>> UnvisitedVertices(Vertex<T> v, IDictionary<Vertex<T>, bool> visited) => v\n            .Select(i => i.OtherVertex(v) ?? v)\n            .Where(next => !(visited.ContainsKey(next) && visited[next]));\n\n        public override string ToString() => $\"V: {String.Join(\", \", V.Values)}; E: {String.Join(\", \", E)}\";\n    }\n}\n", "_type": "Listing"}, {"py/object": "Sto.Paragraph.Paragraph", "_text": "", "_type": "Paragraph"}, {"py/object": "Sto.Listing.ListingDescription", "_text": "Alg_06/Alg_06.Core.Tests/GraphTests.cs", "_type": "ListingDescription"}, {"py/object": "Sto.Listing.Listing", "_text": "using System.Collections.Generic;\nusing System.Linq;\n\nusing NUnit.Framework;\n\nnamespace Alg_06.Core.Tests\n{\n    public class GraphTests\n    {\n        [Test]\n        public void GraphTest1()\n        {\n            //  0 - 1 \n            //  | /\n            //  2 - 3\n            var g = new Graph<int>();\n            Assert.That(g.E.Count, Is.EqualTo(0));\n            Assert.That(g.V.Count, Is.EqualTo(0));\n            var v0 = g.AddVertex(0);\n            Assert.That(g.E.Count, Is.EqualTo(0));\n            Assert.That(g.V.Count, Is.EqualTo(1));\n            Assert.That(g.V.ContainsKey(0), Is.True);\n            Assert.That(g.V.ContainsValue(v0), Is.True);\n            Assert.That(g.V[0].Value, Is.EqualTo(0));\n            var v1 = g.AddVertex(1);\n            Assert.That(g.E.Count, Is.EqualTo(0));\n            Assert.That(g.V.Count, Is.EqualTo(2));\n            Assert.That(g.V.ContainsKey(1), Is.True);\n            Assert.That(g.V.ContainsValue(v1), Is.True);\n            Assert.That(g.V[1].Value, Is.EqualTo(1));\n            var e01 = g.AddEdge(0, 1);\n            Assert.That(g.E.Count, Is.EqualTo(1));\n            Assert.That(g.V.Count, Is.EqualTo(2));\n            Assert.That(g.E.Contains(e01), Is.True);\n            Assert.That(g.V[0].Contains(e01), Is.True);\n            Assert.That(g.V[1].Contains(e01), Is.True);\n            Assert.That(g.V[0].First(e => e == e01), Is.EqualTo(e01));\n            Assert.That(g.V[1].First(e => e == e01), Is.EqualTo(e01));\n            var v2 = g.AddVertex(2);\n            Assert.That(g.E.Count, Is.EqualTo(1));\n            Assert.That(g.V.Count, Is.EqualTo(3));\n            Assert.That(g.V.ContainsKey(2), Is.True);\n            Assert.That(g.V.ContainsValue(v2), Is.True);\n            Assert.That(g.V[2].Value, Is.EqualTo(2));\n            var e02 = g.AddEdge(0, 2);\n            Assert.That(g.E.Count, Is.EqualTo(2));\n            Assert.That(g.V.Count, Is.EqualTo(3));\n            Assert.That(g.E.Contains(e02), Is.True);\n            Assert.That(g.V[0].Contains(e02), Is.True);\n            Assert.That(g.V[2].Contains(e02), Is.True);\n            Assert.That(g.V[0].First(e => e == e02), Is.EqualTo(e02));\n            Assert.That(g.V[2].First(e => e == e02), Is.EqualTo(e02));\n            var e12 = g.AddEdge(1, 2);\n            Assert.That(g.E.Count, Is.EqualTo(3));\n            Assert.That(g.V.Count, Is.EqualTo(3));\n            Assert.That(g.E.Contains(e12), Is.True);\n            Assert.That(g.V[1].Contains(e12), Is.True);\n            Assert.That(g.V[2].Contains(e12), Is.True);\n            Assert.That(g.V[1].First(e => e == e12), Is.EqualTo(e12));\n            Assert.That(g.V[2].First(e => e == e12), Is.EqualTo(e12));\n            var v3 = g.AddVertex(3);\n            Assert.That(g.E.Count, Is.EqualTo(3));\n            Assert.That(g.V.Count, Is.EqualTo(4));\n            Assert.That(g.V.ContainsKey(3), Is.True);\n            Assert.That(g.V.ContainsValue(v3), Is.True);\n            Assert.That(g.V[3].Value, Is.EqualTo(3));\n            var e23 = g.AddEdge(2, 3);\n            Assert.That(g.E.Count, Is.EqualTo(4));\n            Assert.That(g.V.Count, Is.EqualTo(4));\n            Assert.That(g.E.Contains(e23), Is.True);\n            Assert.That(g.V[2].Contains(e23), Is.True);\n            Assert.That(g.V[3].Contains(e23), Is.True);\n            Assert.That(g.V[2].First(e => e == e23), Is.EqualTo(e23));\n            Assert.That(g.V[3].First(e => e == e23), Is.EqualTo(e23));\n\n            var dfs0 = new List<Vertex<int>>();\n            g.Dfs(0, v => dfs0.Add(v));\n            Assert.That(dfs0.Count, Is.EqualTo(4));\n            Assert.That(dfs0.Select(v => v.Value), Is.EquivalentTo(new[] {0, 1, 2, 3}));\n\n            var dfs1 = new List<Vertex<int>>();\n            g.Dfs(1, v => dfs1.Add(v));\n            Assert.That(dfs1.Count, Is.EqualTo(4));\n            Assert.That(dfs1.Select(v => v.Value), Is.EquivalentTo(new[] {1, 0, 2, 3}));\n\n            var dfs2 = new List<Vertex<int>>();\n            g.Dfs(2, v => dfs2.Add(v));\n            Assert.That(dfs2.Count, Is.EqualTo(4));\n            Assert.That(dfs2.Select(v => v.Value), Is.EquivalentTo(new[] {2, 0, 1, 3}));\n\n            var dfs3 = new List<Vertex<int>>();\n            g.Dfs(3, v => dfs3.Add(v));\n            Assert.That(dfs3.Count, Is.EqualTo(4));\n            Assert.That(dfs3.Select(v => v.Value), Is.EquivalentTo(new[] {3, 2, 0, 1}));\n\n            var bfs0 = new List<Vertex<int>>();\n            g.Bfs(0, v => bfs0.Add(v));\n            Assert.That(bfs0.Count, Is.EqualTo(4));\n            Assert.That(bfs0.Select(v => v.Value), Is.EquivalentTo(new[] {0, 1, 2, 3}));\n\n            var bfs1 = new List<Vertex<int>>();\n            g.Bfs(1, v => bfs1.Add(v));\n            Assert.That(bfs1.Count, Is.EqualTo(4));\n            Assert.That(bfs1.Select(v => v.Value), Is.EquivalentTo(new[] {1, 0, 2, 3}));\n\n            var bfs2 = new List<Vertex<int>>();\n            g.Bfs(2, v => bfs2.Add(v));\n            Assert.That(bfs2.Count, Is.EqualTo(4));\n            Assert.That(bfs2.Select(v => v.Value), Is.EquivalentTo(new[] {2, 0, 1, 3}));\n\n            var bfs3 = new List<Vertex<int>>();\n            g.Bfs(3, v => bfs3.Add(v));\n            Assert.That(bfs3.Count, Is.EqualTo(4));\n            Assert.That(bfs3.Select(v => v.Value), Is.EquivalentTo(new[] {3, 2, 0, 1}));\n\n            g.RemoveEdge(0, 2);\n            Assert.That(g.E.Count, Is.EqualTo(3));\n            Assert.That(g.V.Count, Is.EqualTo(4));\n            Assert.That(g.E.Contains(e02), Is.False);\n            Assert.That(g.V[0].Contains(e02), Is.False);\n            Assert.That(g.V[2].Contains(e02), Is.False);\n            Assert.That(g.V[0].FirstOrDefault(e => e == e02), Is.Null);\n            Assert.That(g.V[2].FirstOrDefault(e => e == e02), Is.Null);\n\n            g.RemoveVertex(1);\n            Assert.That(g.E.Count, Is.EqualTo(1));\n            Assert.That(g.V.Count, Is.EqualTo(3));\n            Assert.That(g.V.ContainsKey(1), Is.False);\n            Assert.That(g.V.ContainsValue(v1), Is.False);\n        }\n\n        [Test]\n        public void GraphTest2()\n        {\n            var g = new Graph<int>();\n            var v = Enumerable.Range(0, 8).Select(i => g.AddVertex(i)).ToList();\n            g.AddEdge(1, 2);\n            g.AddEdge(0, 2);\n            g.AddEdge(0, 3);\n            g.AddEdge(4, 3);\n            g.AddEdge(2, 4);\n            g.AddEdge(2, 7);\n            g.AddEdge(7, 4);\n            g.AddEdge(6, 7);\n            g.AddEdge(6, 4);\n            g.AddEdge(5, 6);\n\n            var dfs0 = new List<Vertex<int>>();\n            g.Dfs(0, v1 => dfs0.Add(v1));\n            Assert.That(dfs0.Select(v1 => v1.Value), Is.EquivalentTo(new[] {0, 2, 1, 4, 3, 6, 5, 7}));\n\n            var bfs0 = new List<Vertex<int>>();\n            g.Bfs(0, v1 => bfs0.Add(v1));\n            Assert.That(bfs0.Select(v1 => v1.Value), Is.EquivalentTo(new[] {0, 2, 3, 1, 4, 7, 6, 5}));\n        }\n\n        [Test]\n        public void GraphTest3()\n        {\n            var g = new Graph<string>();\n            g.AddVertex(\"First\");\n            g.AddVertex(\"Second\");\n            g.AddVertex(\"Third\");\n            g.AddVertex(\"Fourth\");\n\n            g.AddEdge(\"First\", \"Second\");\n            g.AddEdge(\"First\", \"Fourth\");\n\n            var dfs0 = new List<Vertex<string>>();\n            g.Dfs(\"First\", v1 => dfs0.Add(v1));\n            Assert.That(dfs0.Select(v1 => v1.Value), Is.EquivalentTo(new[] {\"First\", \"Fourth\", \"Second\"}));\n\n            var bfs0 = new List<Vertex<string>>();\n            g.Bfs(\"First\", v1 => bfs0.Add(v1));\n            Assert.That(bfs0.Select(v1 => v1.Value), Is.EquivalentTo(new[] {\"First\", \"Fourth\", \"Second\"}));\n        }\n    }\n}\n", "_type": "Listing"}, {"py/object": "Sto.Paragraph.Paragraph", "_text": "", "_type": "Paragraph"}, {"py/object": "Sto.Listing.ListingDescription", "_text": "Alg_06/Alg_06.Console/Program.cs", "_type": "ListingDescription"}, {"py/object": "Sto.Listing.Listing", "_text": "using System;\nusing System.Collections.Generic;\nusing System.Linq;\nusing System.Text;\n\nusing Alg_06.Core;\n\nnamespace Alg_06.Console\n{\n    public class Program\n    {\n        private static string SearchAndOut(Action<int, Action<Vertex<int>>> search, int start, Graph<int> g)\n        {\n            var res = new List<int>();\n            search(start, v => res.Add(v.Value));\n            return String.Join(\" \", res);\n        }\n\n        public static void Main(string[] args)\n        {\n            System.Console.InputEncoding = Encoding.UTF8;\n            System.Console.OutputEncoding = Encoding.UTF8;\n\n            var g = new Graph<int>();\n\n            while (true)\n            {\n                try\n                {\n                    System.Console.WriteLine(\"\u0412\u0432\u0435\u0434\u0438\u0442\u0435 \u043d\u043e\u043c\u0435\u0440\u0430 \u0432\u0435\u0440\u0448\u0438\u043d \u0447\u0435\u0440\u0435\u0437 \u043f\u0440\u043e\u0431\u0435\u043b: \");\n                    var a = System.Console.ReadLine()\n                        .Split(new[] {\" \"}, StringSplitOptions.RemoveEmptyEntries)\n                        .Select(Int32.Parse)\n                        .Distinct()\n                        .Select(g.AddVertex)\n                        .ToList();\n\n                    break;\n                }\n                catch (Exception e)\n                {\n                    System.Console.Error.WriteLine($\"\u041e\u0448\u0438\u0431\u043a\u0430: {e.Message}\\n\");\n                }\n            }\n\n            while (true)\n            {\n                try\n                {\n                    System.Console.WriteLine(\"\u0412\u0432\u043e\u0434\u0438\u0442\u0435 \u0447\u0435\u0440\u0435\u0437 Enter 2 \u043d\u043e\u043c\u0435\u0440\u0430 \u0432\u0435\u0440\u0448\u0438\u043d\u044b \u0447\u0435\u0440\u0435\u0437 \u043f\u0440\u043e\u0431\u0435\u043b, \u043e\u0431\u043e\u0437\u043d\u0430\u0447\u0430\u044e\u0449\u0438\u0445 \u0440\u0435\u0431\u0440\u043e: \");\n\n                    while (true)\n                    {\n                        var es = System.Console.ReadLine();\n                        if (es == \"\")\n                        {\n                            break;\n                        }\n\n                        var esp = es.Split(new[] {\" \"}, StringSplitOptions.RemoveEmptyEntries)\n                            .Select(Int32.Parse)\n                            .ToList();\n\n                        if (esp.Count == 2)\n                        {\n                            g.AddEdge(esp[0], esp[1]);\n                        }\n                    }\n\n                    break;\n                }\n                catch (Exception e)\n                {\n                    System.Console.Error.WriteLine($\"\u041e\u0448\u0438\u0431\u043a\u0430: {e.Message}\\n\");\n                }\n            }\n\n            while (true)\n            {\n                try\n                {\n                    System.Console.WriteLine($\"\u0412\u0435\u0440\u0448\u0438\u043d\u044b \u0433\u0440\u0430\u0444\u0430: {g.V}\");\n                    System.Console.WriteLine($\"\u0420\u0451\u0431\u0440\u0430 \u0433\u0440\u0430\u0444\u0430: {g.E}\");\n\n                    System.Console.WriteLine(\"\u0421 \u043a\u0430\u043a\u043e\u0439 \u0432\u0435\u0440\u0448\u0438\u043d\u044b \u043d\u0430\u0447\u0430\u0442\u044c \u043e\u0431\u0445\u043e\u0434?\");\n                    var s = Int32.Parse(System.Console.ReadLine());\n\n                    System.Console.WriteLine($\"\u041f\u043e\u0438\u0441\u043a \u0432 \u0433\u043b\u0443\u0431\u0438\u043d\u0443: {SearchAndOut(g.Dfs, s, g)}\");\n                    System.Console.WriteLine($\"\u041f\u043e\u0438\u0441\u043a \u0432 \u0448\u0438\u0440\u0438\u043d\u0443: {SearchAndOut(g.Bfs, s, g)}\");\n\n                    break;\n                }\n                catch (Exception e)\n                {\n                    System.Console.Error.WriteLine($\"\u041e\u0448\u0438\u0431\u043a\u0430: {e.Message}\\n\");\n                }\n            }\n\n            System.Console.ReadKey();\n        }\n    }\n}\n", "_type": "Listing"}, {"py/object": "Sto.Paragraph.Paragraph", "_text": "", "_type": "Paragraph"}], "_level": 1}, {"py/object": "Sto.Heading.Heading", "_text": "\u0420\u0435\u0437\u0443\u043b\u044c\u0442\u0430\u0442\u044b \u0440\u0430\u0431\u043e\u0442\u044b \u043f\u0440\u043e\u0433\u0440\u0430\u043c\u043c\u044b", "_type": "Heading", "_paragraphs": [{"py/object": "Sto.Picture.Picture", "_text": "pic1.png", "_type": "Picture"}, {"py/object": "Sto.Picture.PictureDescription", "_text": "\u0417\u0430\u043f\u0443\u0441\u043a 1", "_type": "PictureDescription"}, {"py/object": "Sto.Paragraph.Paragraph", "_text": "", "_type": "Paragraph"}, {"py/object": "Sto.Picture.Picture", "_text": "pic2.png", "_type": "Picture"}, {"py/object": "Sto.Picture.PictureDescription", "_text": "\u0417\u0430\u043f\u0443\u0441\u043a 2", "_type": "PictureDescription"}, {"py/object": "Sto.Paragraph.Paragraph", "_text": "", "_type": "Paragraph"}, {"py/object": "Sto.Picture.Picture", "_text": "pic3.png", "_type": "Picture"}, {"py/object": "Sto.Picture.PictureDescription", "_text": "\u0417\u0430\u043f\u0443\u0441\u043a \u0442\u0435\u0441\u0442\u043e\u0432", "_type": "PictureDescription"}], "_level": 1}], "_resources_list": {"py/object": "Sto.ResourcesList.ResourcesList", "_text": "", "_type": "ResourcesList", "_paragraphs": []}, "_attachments": []}